PL#1, 772, 32, 804, WS#1@PL#1, 0.3064848449699235, 13.733222785745825, 4.00641413919242, 9.148351909812128
PL#1, 772, 32, 804, WS#2@PL#1, 0.31369195849244885, 8.554203945109116, 3.9790648683992824, 9.148351909812128
PL#1, 772, 32, 804, WS#3@PL#1, 0.35234691606652546, 8.935757859619507, 3.986147529087664, 9.148351909812128
PL#1, 772, 32, 804, WS#4@PL#1, 0.2587931075319184, 9.598062462361764, 4.005499995878482, 9.148351909812128
PL#1, 772, 32, 804, WS#5@PL#1, 0.29696122887603227, 10.48044156068224, 3.938809433675582, 9.148351909812128
PL#1, 772, 32, 804, WS#6@PL#1, 0.31548320957493925, 11.202543633948684, 4.114735870706695, 9.148351909812128
PL#1, 256, 22, 278, WS#1@PL#1, 0.33271803841534064, 11.243847041320285, 3.9787677853235173, 8.368252625925914
PL#1, 256, 22, 278, WS#2@PL#1, 0.3749666928244402, 9.52326793407369, 4.059162945149918, 8.368252625925914
PL#1, 256, 22, 278, WS#3@PL#1, 0.3157806177060607, 8.21513744764223, 4.045200977958866, 8.368252625925914
PL#1, 256, 22, 278, WS#4@PL#1, 0.5273185448925308, 9.247616664400638, 3.89426137320197, 8.368252625925914
PL#1, 256, 22, 278, WS#5@PL#1, 0.24964220161618064, 13.778251669615656, 3.959204243303836, 8.368252625925914
PL#1, 256, 22, 278, WS#6@PL#1, 0.26366707559091246, 11.319580931290984, 3.9339370598657806, 8.368252625925914
PL#1, 289, 15, 304, WS#1@PL#1, 0.3104069813059117, 13.158277429255445, 4.009928635706722, 9.04184936590562
PL#1, 289, 15, 304, WS#2@PL#1, 0.3370954402993614, 8.608380893678214, 4.0712594775839035, 9.04184936590562
PL#1, 289, 15, 304, WS#3@PL#1, 0.38704982438126906, 9.012078411664817, 4.056743815548315, 9.04184936590562
PL#1, 289, 15, 304, WS#4@PL#1, 0.20755309488841078, 9.448610155709224, 4.017942923340933, 9.04184936590562
PL#1, 289, 15, 304, WS#5@PL#1, 0.27204270408223896, 10.428727181505264, 4.005258562859257, 9.04184936590562
PL#1, 289, 15, 304, WS#6@PL#1, 0.26792373877649744, 15.501759291321171, 3.6767529113340394, 9.04184936590562
PL#1, 161, 2, 163, WS#1@PL#1, 0.3208379274036299, 11.58099707096848, 4.007766762099849, 8.762826592760193
PL#1, 161, 2, 163, WS#2@PL#1, 0.3917675102920226, 15.765732211649295, 3.842308657912436, 8.762826592760193
PL#1, 161, 2, 163, WS#3@PL#1, 0.26090726393614644, 15.225372888702323, 4.169713326621309, 8.762826592760193
PL#1, 161, 2, 163, WS#4@PL#1, 0.11542521940928196, 10.42692735616653, 4.052965385728361, 8.762826592760193
PL#1, 161, 2, 163, WS#5@PL#1, 0.41546533222633897, 21.079830460748447, 3.838079085175246, 8.762826592760193
PL#1, 161, 2, 163, WS#6@PL#1, 0.4364559854781949, 10.087680550916808, 3.951707945268775, 8.762826592760193
PL#1, 1600, 99, 1699, WS#1@PL#1, 0.34734849807419205, 13.800063899932516, 3.9886795577524135, 8.795988342209895
PL#1, 1600, 99, 1699, WS#2@PL#1, 0.38559975879553277, 10.5498600772346, 3.9651626784014806, 8.795988342209895
PL#1, 1600, 99, 1699, WS#3@PL#1, 0.37786424768613186, 10.319135889258062, 4.031034147361026, 8.795988342209895
PL#1, 1600, 99, 1699, WS#4@PL#1, 0.31298899477400266, 9.70969292313384, 3.9599017908720113, 8.795988342209895
PL#1, 1600, 99, 1699, WS#5@PL#1, 0.28593864688370085, 13.911039513866465, 3.994884266418487, 8.795988342209895
PL#1, 1600, 99, 1699, WS#6@PL#1, 0.34904095545242964, 12.639763266350611, 4.043305672537619, 8.795988342209895
PL#1, 459, 22, 481, WS#1@PL#1, 0.3533049174696246, 12.229394533146737, 4.025609126954801, 8.349096642924142
PL#1, 459, 22, 481, WS#2@PL#1, 0.4474484324870929, 7.841851215856024, 3.9146558198273222, 8.349096642924142
PL#1, 459, 22, 481, WS#3@PL#1, 0.30974532168091645, 10.721818455789222, 4.059125759508154, 8.349096642924142
PL#1, 459, 22, 481, WS#4@PL#1, 0.4633341143133077, 8.377615329390073, 3.985948132428533, 8.349096642924142
PL#1, 459, 22, 481, WS#5@PL#1, 0.2733661402535069, 10.573280787618508, 3.976298407317727, 8.349096642924142
PL#1, 459, 22, 481, WS#6@PL#1, 0.2643134966764782, 9.863122251801466, 3.9318543993100215, 8.349096642924142
PL#1, 280, 18, 298, WS#1@PL#1, 0.3434842398440593, 14.108823398088465, 3.9791061577527636, 8.808005478491738
PL#1, 280, 18, 298, WS#2@PL#1, 0.3364374323098564, 10.176050309265015, 4.013334653039943, 8.808005478491738
PL#1, 280, 18, 298, WS#3@PL#1, 0.3618725987374341, 9.114755878855062, 3.935162145755681, 8.808005478491738
PL#1, 280, 18, 298, WS#4@PL#1, 0.37970347350861355, 13.212422761514514, 3.841473672607, 8.808005478491738
PL#1, 280, 18, 298, WS#5@PL#1, 0.3340929447390233, 15.503321971388273, 4.113924125258029, 8.808005478491738
PL#1, 280, 18, 298, WS#6@PL#1, 0.3044999027654667, 11.347807230245364, 3.7947722510242134, 8.808005478491738
PL#1, 499, 23, 522, WS#1@PL#1, 0.32658752612039327, 11.799655795407245, 3.9754518897819477, 8.14641295046368
PL#1, 499, 23, 522, WS#2@PL#1, 0.27770835173367714, 7.225244129976456, 4.015183647536245, 8.14641295046368
PL#1, 499, 23, 522, WS#3@PL#1, 0.3076147419520476, 11.830283416377775, 3.863367002112159, 8.14641295046368
PL#1, 499, 23, 522, WS#4@PL#1, 0.5838565128535432, 10.306133658959144, 4.107687283773594, 8.14641295046368
PL#1, 499, 23, 522, WS#5@PL#1, 0.23271071839187915, 10.933014131801448, 4.007953311873222, 8.14641295046368
PL#1, 499, 23, 522, WS#6@PL#1, 0.24391903630565714, 6.80493608111042, 3.9573152344255758, 8.14641295046368
PL#1, 2680, 141, 2821, WS#1@PL#1, 0.34281619823559606, 12.097345812484724, 3.9959916964543343, 8.516377275669024
PL#1, 2680, 141, 2821, WS#2@PL#1, 0.2962624627984867, 9.3298155189113, 3.9782113434610102, 8.516377275669024
PL#1, 2680, 141, 2821, WS#3@PL#1, 0.35571924338998484, 10.057829416765681, 3.992168779694219, 8.516377275669024
PL#1, 2680, 141, 2821, WS#4@PL#1, 0.3175633344596176, 9.173412901531668, 3.9336043704433328, 8.516377275669024
PL#1, 2680, 141, 2821, WS#5@PL#1, 0.36323536644148763, 12.053311636098142, 4.016506072703072, 8.516377275669024
PL#1, 2680, 141, 2821, WS#6@PL#1, 0.3036736324124698, 11.289338881982927, 3.97272505880633, 8.516377275669024
PL#1, 2687, 148, 2835, WS#1@PL#1, 0.3261136894306828, 14.122603606588884, 3.9996773670982373, 8.8650325842979
PL#1, 2687, 148, 2835, WS#2@PL#1, 0.3821838369236209, 11.705033688954261, 3.987668917949469, 8.8650325842979
PL#1, 2687, 148, 2835, WS#3@PL#1, 0.3092984026492678, 12.393935114840955, 3.972991544540306, 8.8650325842979
PL#1, 2687, 148, 2835, WS#4@PL#1, 0.370514835335398, 13.169283589120079, 4.035216781356747, 8.8650325842979
PL#1, 2687, 148, 2835, WS#5@PL#1, 0.299526430695832, 14.518799650281398, 3.9729683923108827, 8.8650325842979
PL#1, 2687, 148, 2835, WS#6@PL#1, 0.3732415192557496, 14.643800963304319, 4.010786420459984, 8.8650325842979
PL#1, 2416, 127, 2543, WS#1@PL#1, 0.3454469975384638, 13.928467560926995, 3.996201253117772, 8.848965025464901
PL#1, 2416, 127, 2543, WS#2@PL#1, 0.3196480327434001, 10.34610244058874, 4.004915281216857, 8.848965025464901
PL#1, 2416, 127, 2543, WS#3@PL#1, 0.33428428082440437, 11.097304097865113, 4.040043165025773, 8.848965025464901
PL#1, 2416, 127, 2543, WS#4@PL#1, 0.43543157212964084, 11.197893855678307, 4.014545917401775, 8.848965025464901
PL#1, 2416, 127, 2543, WS#5@PL#1, 0.34714676433136715, 12.448397461284065, 3.976149688335185, 8.848965025464901
PL#1, 2416, 127, 2543, WS#6@PL#1, 0.33857857406157027, 11.467158530807838, 4.036050007344466, 8.848965025464901
PL#1, 111, 5, 116, WS#1@PL#1, 0.3619452347241469, 12.13750310523563, 3.9768937150982384, 8.818148695526247
PL#1, 111, 5, 116, WS#2@PL#1, 0.2832635715428302, 10.60889625145676, 4.0039579403378385, 8.818148695526247
PL#1, 111, 5, 116, WS#3@PL#1, 0.44921390291413726, 8.217792929274099, 4.044465171270739, 8.818148695526247
PL#1, 111, 5, 116, WS#4@PL#1, 0.2446085633792213, 8.796571301189553, 3.9885907163970296, 8.818148695526247
PL#1, 111, 5, 116, WS#5@PL#1, 0.14638124106222206, 8.46397391566115, 4.051458052128154, 8.818148695526247
PL#1, 111, 5, 116, WS#6@PL#1, 0.4461773001334084, 9.535306368701473, 3.899013465690716, 8.818148695526247
PL#1, 856, 64, 920, WS#1@PL#1, 0.3033904625311825, 13.764322182745397, 4.002262653102118, 8.51202329324761
PL#1, 856, 64, 920, WS#2@PL#1, 0.3269329762505402, 11.370469189689729, 3.982218642277161, 8.51202329324761
PL#1, 856, 64, 920, WS#3@PL#1, 0.3151673462048673, 10.209190962629389, 3.970487794088077, 8.51202329324761
PL#1, 856, 64, 920, WS#4@PL#1, 0.38406143400321546, 11.191214757986879, 4.0097832646256615, 8.51202329324761
PL#1, 856, 64, 920, WS#5@PL#1, 0.2851688217174107, 16.252171928434365, 4.043155173732204, 8.51202329324761
PL#1, 856, 64, 920, WS#6@PL#1, 0.3649300841719061, 15.014345927449197, 4.082726984709827, 8.51202329324761
PL#1, 39, 3, 42, WS#1@PL#1, 0.36603192994567, 10.945116024596512, 4.023140929500167, 7.581059953180507
PL#1, 39, 3, 42, WS#2@PL#1, 0.22141320110642124, 4.232582488716684, 3.895258698123212, 7.581059953180507
PL#1, 39, 3, 42, WS#3@PL#1, 0.14348980532068117, 9.456231677996927, 4.06745131175345, 7.581059953180507
PL#1, 39, 3, 42, WS#4@PL#1, 0.0, 0.0, 4.460302155999674, 7.581059953180507
PL#1, 39, 3, 42, WS#5@PL#1, 0.0, 3.536358055022925, 3.846807895188426, 7.581059953180507
PL#1, 39, 3, 42, WS#6@PL#1, 0.15974195221279786, 21.29944696314969, 3.6369520262233426, 7.581059953180507
PL#1, 636, 35, 671, WS#1@PL#1, 0.338336265960819, 13.650458316360297, 4.018809270523751, 8.623440066206204
PL#1, 636, 35, 671, WS#2@PL#1, 0.33378626712105175, 9.77803476062666, 4.070064324945379, 8.623440066206204
PL#1, 636, 35, 671, WS#3@PL#1, 0.3309765036492623, 9.520131726925953, 4.001103779830274, 8.623440066206204
PL#1, 636, 35, 671, WS#4@PL#1, 0.38283463656351274, 11.966347380951369, 3.997721741624793, 8.623440066206204
PL#1, 636, 35, 671, WS#5@PL#1, 0.46043173244968233, 11.57195593083781, 3.9598947355432905, 8.623440066206204
PL#1, 636, 35, 671, WS#6@PL#1, 0.3426253889393969, 16.731214036825733, 4.094037323054183, 8.623440066206204
PL#1, 461, 29, 490, WS#1@PL#1, 0.33519157747331313, 10.91446614100557, 4.0093804347799376, 8.220018352636147
PL#1, 461, 29, 490, WS#2@PL#1, 0.35306293700177904, 8.768551011378218, 4.007956539101975, 8.220018352636147
PL#1, 461, 29, 490, WS#3@PL#1, 0.38598630916562293, 9.202943754329107, 3.9392458770467567, 8.220018352636147
PL#1, 461, 29, 490, WS#4@PL#1, 0.30814200364228467, 10.64100332979388, 4.064243608035314, 8.220018352636147
PL#1, 461, 29, 490, WS#5@PL#1, 0.34450770098093075, 10.861511482886574, 3.9300423589846525, 8.220018352636147
PL#1, 461, 29, 490, WS#6@PL#1, 0.39272979353897686, 9.784543505481377, 4.08875100116862, 8.220018352636147
PL#1, 1160, 62, 1222, WS#1@PL#1, 0.33692766286266174, 14.917444475420956, 3.9974845533355197, 8.808305443786185
PL#1, 1160, 62, 1222, WS#2@PL#1, 0.29632883795132436, 10.86174686112398, 3.986726000171181, 8.808305443786185
PL#1, 1160, 62, 1222, WS#3@PL#1, 0.2961998276127978, 11.374672679915427, 4.052925554710947, 8.808305443786185
PL#1, 1160, 62, 1222, WS#4@PL#1, 0.3914630689009152, 12.682050132985127, 3.9535671778852643, 8.808305443786185
PL#1, 1160, 62, 1222, WS#5@PL#1, 0.23022953772399082, 14.48713143412483, 3.998547619719103, 8.808305443786185
PL#1, 1160, 62, 1222, WS#6@PL#1, 0.3262824618189377, 13.734984364626525, 4.018326336329646, 8.808305443786185
PL#1, 449, 30, 479, WS#1@PL#1, 0.35106458200104307, 11.657911457583486, 3.988599429615009, 8.306721317672343
PL#1, 449, 30, 479, WS#2@PL#1, 0.4464276054426803, 9.029444277465819, 4.019100649243811, 8.306721317672343
PL#1, 449, 30, 479, WS#3@PL#1, 0.2617515096438124, 9.571434082055585, 3.988430489730918, 8.306721317672343
PL#1, 449, 30, 479, WS#4@PL#1, 0.2352165956620013, 11.360721343068933, 4.068820966000068, 8.306721317672343
PL#1, 449, 30, 479, WS#5@PL#1, 0.2244270219067562, 9.556078653142047, 4.023219540475136, 8.306721317672343
PL#1, 449, 30, 479, WS#6@PL#1, 0.5486911734583718, 8.444459766000973, 4.067048191628231, 8.306721317672343
PL#1, 566, 23, 589, WS#1@PL#1, 0.3217250525940308, 12.2820600988574, 3.978876521511213, 8.314247747215555
PL#1, 566, 23, 589, WS#2@PL#1, 0.2820785816069814, 9.20262090664565, 4.022746460670419, 8.314247747215555
PL#1, 566, 23, 589, WS#3@PL#1, 0.2829899962107692, 11.300794637991055, 4.022465465713309, 8.314247747215555
PL#1, 566, 23, 589, WS#4@PL#1, 0.34857506321560583, 9.379848661088216, 3.93974196263463, 8.314247747215555
PL#1, 566, 23, 589, WS#5@PL#1, 0.28676730398309114, 11.7195522895287, 4.037996124043561, 8.314247747215555
PL#1, 566, 23, 589, WS#6@PL#1, 0.3135586993438566, 9.080015246493355, 3.9317518147637065, 8.314247747215555
PL#1, 594, 29, 623, WS#1@PL#1, 0.3474159965240326, 12.817590185550895, 4.004428045237814, 8.604809275461708
PL#1, 594, 29, 623, WS#2@PL#1, 0.2786189578443216, 8.286285969312782, 4.059175803084781, 8.604809275461708
PL#1, 594, 29, 623, WS#3@PL#1, 0.4930755992360944, 10.851849465584618, 4.050521627661489, 8.604809275461708
PL#1, 594, 29, 623, WS#4@PL#1, 0.3699118348944786, 9.837916939431965, 3.974224700408834, 8.604809275461708
PL#1, 594, 29, 623, WS#5@PL#1, 0.30298819921422754, 12.5909549585704, 4.014387663070143, 8.604809275461708
PL#1, 594, 29, 623, WS#6@PL#1, 0.42559997967070823, 12.767002201561974, 3.909645474539558, 8.604809275461708
PL#1, 259, 9, 268, WS#1@PL#1, 0.3455128451147924, 13.744090518272587, 3.9926302025003473, 8.698087219483423
PL#1, 259, 9, 268, WS#2@PL#1, 0.41630737906052884, 11.331316817087545, 4.087948933628773, 8.698087219483423
PL#1, 259, 9, 268, WS#3@PL#1, 0.19870087987282, 11.986516139529321, 3.864698755563323, 8.698087219483423
PL#1, 259, 9, 268, WS#4@PL#1, 0.3373896311302733, 16.14314428865402, 4.040073885696912, 8.698087219483423
PL#1, 259, 9, 268, WS#5@PL#1, 0.22199492191226966, 14.298102516157076, 3.986384988396915, 8.698087219483423
PL#1, 259, 9, 268, WS#6@PL#1, 0.8059544784855482, 11.30361647458183, 3.9915908930019386, 8.698087219483423
PL#1, 1736, 109, 1845, WS#1@PL#1, 0.33654745124008784, 12.408256503044615, 4.006859610636561, 8.597671615230214
PL#1, 1736, 109, 1845, WS#2@PL#1, 0.29140574919525314, 9.847294552625735, 4.01094251765738, 8.597671615230214
PL#1, 1736, 109, 1845, WS#3@PL#1, 0.36683896456997855, 9.524484098473454, 3.9811567144566755, 8.597671615230214
PL#1, 1736, 109, 1845, WS#4@PL#1, 0.32258329988862017, 10.893419561220123, 3.9393008074864997, 8.597671615230214
PL#1, 1736, 109, 1845, WS#5@PL#1, 0.3408664686609321, 12.364301077595911, 3.942466388294883, 8.597671615230214
PL#1, 1736, 109, 1845, WS#6@PL#1, 0.3360311367188217, 11.061347563285816, 3.9937641559431656, 8.597671615230214
PL#1, 2136, 113, 2249, WS#1@PL#1, 0.3372289826565273, 15.251497232807052, 3.996888130175891, 8.98557259951915
PL#1, 2136, 113, 2249, WS#2@PL#1, 0.3452768993324218, 12.919822209327966, 3.9887432048565343, 8.98557259951915
PL#1, 2136, 113, 2249, WS#3@PL#1, 0.3505715685324078, 12.291664952009466, 4.015954694692211, 8.98557259951915
PL#1, 2136, 113, 2249, WS#4@PL#1, 0.365444858640722, 11.296729060943694, 4.03388752055549, 8.98557259951915
PL#1, 2136, 113, 2249, WS#5@PL#1, 0.3033946197579743, 12.228632520741872, 4.0743335354904495, 8.98557259951915
PL#1, 2136, 113, 2249, WS#6@PL#1, 0.32396874950781535, 12.450681921132896, 4.055971926222155, 8.98557259951915
PL#1, 1618, 80, 1698, WS#1@PL#1, 0.34097091622381565, 13.12165805258226, 3.997734712952104, 8.565046789543455
PL#1, 1618, 80, 1698, WS#2@PL#1, 0.3407690933278664, 10.486994047964915, 3.9812540887571153, 8.565046789543455
PL#1, 1618, 80, 1698, WS#3@PL#1, 0.3182814177284679, 11.284494338239867, 4.057214439190203, 8.565046789543455
PL#1, 1618, 80, 1698, WS#4@PL#1, 0.35524076268271143, 10.75151938626833, 3.9899041023772317, 8.565046789543455
PL#1, 1618, 80, 1698, WS#5@PL#1, 0.4357496250915055, 11.121931617757921, 3.985746816939238, 8.565046789543455
PL#1, 1618, 80, 1698, WS#6@PL#1, 0.3352366184215037, 10.979145050437522, 3.961765470286257, 8.565046789543455
PL#1, 540, 24, 564, WS#1@PL#1, 0.3195098995625171, 12.384773090648466, 3.9946842040826516, 8.439118803669727
PL#1, 540, 24, 564, WS#2@PL#1, 0.2693645480050572, 10.376912232392458, 3.971856862365346, 8.439118803669727
PL#1, 540, 24, 564, WS#3@PL#1, 0.300734190312477, 11.81870938867597, 4.009223144225885, 8.439118803669727
PL#1, 540, 24, 564, WS#4@PL#1, 0.3303137994994172, 10.463962651966268, 3.926120274986784, 8.439118803669727
PL#1, 540, 24, 564, WS#5@PL#1, 0.32767728040858285, 17.18617484351782, 3.9166077917937163, 8.439118803669727
PL#1, 540, 24, 564, WS#6@PL#1, 0.42403531833224584, 11.200037806101738, 4.0315203964349156, 8.439118803669727
PL#1, 752, 32, 784, WS#1@PL#1, 0.30616786502871024, 12.42538274789877, 3.9954283511350903, 8.476586635071543
PL#1, 752, 32, 784, WS#2@PL#1, 0.3075577660818836, 10.141406084976648, 4.067713309665545, 8.476586635071543
PL#1, 752, 32, 784, WS#3@PL#1, 0.3572639860946134, 10.701044895327586, 4.004569897186163, 8.476586635071543
PL#1, 752, 32, 784, WS#4@PL#1, 0.22458314245515879, 10.282461184359665, 4.013561337774799, 8.476586635071543
PL#1, 752, 32, 784, WS#5@PL#1, 0.3194552633957419, 11.404439932247978, 4.01158210137486, 8.476586635071543
PL#1, 752, 32, 784, WS#6@PL#1, 0.676189349960487, 11.847071318648313, 4.011756698974365, 8.476586635071543
PL#1, 384, 25, 409, WS#1@PL#1, 0.30778496820212736, 15.727314252184863, 4.007788826649079, 9.2459136632548
PL#1, 384, 25, 409, WS#2@PL#1, 0.21130285757810108, 12.213186977074411, 3.9532276019662116, 9.2459136632548
PL#1, 384, 25, 409, WS#3@PL#1, 0.3771485321558064, 11.758562347113633, 3.9621458963082565, 9.2459136632548
PL#1, 384, 25, 409, WS#4@PL#1, 0.27757688633790956, 14.548706477736618, 4.045900572772847, 9.2459136632548
PL#1, 384, 25, 409, WS#5@PL#1, 0.37436224336039814, 21.029657260254115, 3.9615316591342893, 9.2459136632548
PL#1, 384, 25, 409, WS#6@PL#1, 0.2779739777768769, 11.944576060302664, 4.10793115675452, 9.2459136632548
PL#1, 110, 3, 113, WS#1@PL#1, 0.26977002600701405, 13.044902509154445, 4.002454716634706, 9.292957027683007
PL#1, 110, 3, 113, WS#2@PL#1, 0.12594488775563967, 9.203156429160481, 4.093497383819523, 9.292957027683007
PL#1, 110, 3, 113, WS#3@PL#1, 0.32770728143512606, 20.85898002923602, 4.195283156058567, 9.292957027683007
PL#1, 110, 3, 113, WS#4@PL#1, 0.728208705849493, 11.541645439211353, 3.792632092906885, 9.292957027683007
PL#1, 110, 3, 113, WS#5@PL#1, 0.4076710114070963, 19.222313181763727, 3.965485330651629, 9.292957027683007
PL#1, 110, 3, 113, WS#6@PL#1, 0.30499610606085287, 21.43101498512961, 3.9575977958403903, 9.292957027683007
PL#1, 4080, 221, 4301, WS#1@PL#1, 0.3299482350361902, 12.81671944321926, 3.9927207353965417, 8.660123838041413
PL#1, 4080, 221, 4301, WS#2@PL#1, 0.3297867524795901, 10.600274384154101, 4.005309491382403, 8.660123838041413
PL#1, 4080, 221, 4301, WS#3@PL#1, 0.34101123938337313, 10.424070971626765, 4.013531550897224, 8.660123838041413
PL#1, 4080, 221, 4301, WS#4@PL#1, 0.30415330598503093, 10.568958276916412, 4.00274998901502, 8.660123838041413
PL#1, 4080, 221, 4301, WS#5@PL#1, 0.29982041031684203, 12.478704554630104, 3.983157605741909, 8.660123838041413
PL#1, 4080, 221, 4301, WS#6@PL#1, 0.35581151945222134, 12.31528469319001, 4.00016836960778, 8.660123838041413
PL#1, 198, 14, 212, WS#1@PL#1, 0.30096954850421864, 8.727456482608204, 3.9735413992349384, 7.726617709013633
PL#1, 198, 14, 212, WS#2@PL#1, 0.40481024399354243, 7.213635066452089, 4.040999713598731, 7.726617709013633
PL#1, 198, 14, 212, WS#3@PL#1, 0.2640293961927211, 6.840618836914089, 4.117465816626644, 7.726617709013633
PL#1, 198, 14, 212, WS#4@PL#1, 0.24460020007801928, 5.130451893637554, 3.846931798296322, 7.726617709013633
PL#1, 198, 14, 212, WS#5@PL#1, 0.21948569954920258, 6.0001068228777035, 3.8952421565242163, 7.726617709013633
PL#1, 198, 14, 212, WS#6@PL#1, 0.29209607764050527, 9.950974588139243, 3.9952043941806963, 7.726617709013633
PL#1, 667, 30, 697, WS#1@PL#1, 0.3319512272313633, 14.295490028536875, 4.027465831906497, 8.787933144108859
PL#1, 667, 30, 697, WS#2@PL#1, 0.3958813757454467, 12.255819831103311, 4.035536089358685, 8.787933144108859
PL#1, 667, 30, 697, WS#3@PL#1, 0.3393121882267109, 10.688159682813042, 4.006880152447198, 8.787933144108859
PL#1, 667, 30, 697, WS#4@PL#1, 0.336784219455374, 12.807459991679364, 3.9419924471850423, 8.787933144108859
PL#1, 667, 30, 697, WS#5@PL#1, 0.39270782771910245, 17.18870285289404, 3.9863827381874617, 8.787933144108859
PL#1, 667, 30, 697, WS#6@PL#1, 0.3123028448251363, 15.833503483747151, 4.042352168353624, 8.787933144108859
PL#1, 126, 6, 132, WS#1@PL#1, 0.32535674421271865, 10.831033603784556, 3.960100225409435, 8.374745364874705
PL#1, 126, 6, 132, WS#2@PL#1, 0.31299360119784736, 7.053624772976434, 3.96670754105358, 8.374745364874705
PL#1, 126, 6, 132, WS#3@PL#1, 0.15499745633708661, 9.824163284202415, 3.9519653077493846, 8.374745364874705
PL#1, 126, 6, 132, WS#4@PL#1, 0.46092187208752883, 8.477013305812902, 3.8799480010818876, 8.374745364874705
PL#1, 126, 6, 132, WS#5@PL#1, 0.314590962211233, 7.097476440170112, 3.906515653297176, 8.374745364874705
PL#1, 126, 6, 132, WS#6@PL#1, 0.3995451342565673, 10.79887027515442, 4.083084268927006, 8.374745364874705
PL#1, 2421, 124, 2545, WS#1@PL#1, 0.34377645035320104, 13.42503869874673, 4.004558052242993, 8.682799188079066
PL#1, 2421, 124, 2545, WS#2@PL#1, 0.36333394524869267, 10.867394348545256, 4.006312525316825, 8.682799188079066
PL#1, 2421, 124, 2545, WS#3@PL#1, 0.36203555173298874, 11.753370555763286, 4.019496608607499, 8.682799188079066
PL#1, 2421, 124, 2545, WS#4@PL#1, 0.30008269305095875, 11.892453007889735, 4.000376262680862, 8.682799188079066
PL#1, 2421, 124, 2545, WS#5@PL#1, 0.29288920394407425, 11.842042531779684, 3.9760198060821716, 8.682799188079066
PL#1, 2421, 124, 2545, WS#6@PL#1, 0.29410687420881143, 11.373593567936778, 4.003986812066253, 8.682799188079066
PL#1, 1500, 79, 1579, WS#1@PL#1, 0.36175793803560136, 13.36689791291996, 3.996240594015096, 9.053102326727977
PL#1, 1500, 79, 1579, WS#2@PL#1, 0.3401690009180857, 9.975037388779233, 4.016566897201479, 9.053102326727977
PL#1, 1500, 79, 1579, WS#3@PL#1, 0.34458984389530484, 10.308019567207698, 4.006576633173242, 9.053102326727977
PL#1, 1500, 79, 1579, WS#4@PL#1, 0.3715916814924645, 11.082202314388443, 3.9768324394865577, 9.053102326727977
PL#1, 1500, 79, 1579, WS#5@PL#1, 0.33888425765773134, 13.136292501113411, 4.022711422813201, 9.053102326727977
PL#1, 1500, 79, 1579, WS#6@PL#1, 0.3673749725751995, 11.36049255680837, 4.009687196667209, 9.053102326727977
PL#1, 386, 20, 406, WS#1@PL#1, 0.34558529430703144, 14.616642938491394, 4.0321428412517655, 8.877810541572012
PL#1, 386, 20, 406, WS#2@PL#1, 0.2688497095796044, 10.97717320423044, 3.974584269489078, 8.877810541572012
PL#1, 386, 20, 406, WS#3@PL#1, 0.39772884384134205, 11.387662511225914, 4.020442240568933, 8.877810541572012
PL#1, 386, 20, 406, WS#4@PL#1, 0.37034813444820197, 12.763142931331668, 4.010019598216817, 8.877810541572012
PL#1, 386, 20, 406, WS#5@PL#1, 0.47464367462761103, 11.855615362325434, 4.004393619271656, 8.877810541572012
PL#1, 386, 20, 406, WS#6@PL#1, 0.3649212382847326, 14.742065891273242, 3.9201743983207047, 8.877810541572012
PL#1, 216, 4, 220, WS#1@PL#1, 0.31359125628217316, 10.491003033173612, 3.961229490335881, 8.14062920961709
PL#1, 216, 4, 220, WS#2@PL#1, 0.24563295257094642, 6.742327599327261, 3.8834001065998547, 8.14062920961709
PL#1, 216, 4, 220, WS#3@PL#1, 0.14459606504297604, 9.654222198778736, 3.9787707266879946, 8.14062920961709
PL#1, 216, 4, 220, WS#4@PL#1, 0.2284468795286716, 9.040261937979743, 3.936036665013214, 8.14062920961709
PL#1, 216, 4, 220, WS#5@PL#1, 0.45348499996497676, 11.220010713461614, 4.056437472989549, 8.14062920961709
PL#1, 216, 4, 220, WS#6@PL#1, 0.2853765113209299, 7.514071532261712, 4.063089749662942, 8.14062920961709
PL#1, 515, 19, 534, WS#1@PL#1, 0.29088289919489513, 12.022923458129348, 3.9911826956290026, 8.498257050389418
PL#1, 515, 19, 534, WS#2@PL#1, 0.3355084399660367, 9.702814952638363, 3.962338987002592, 8.498257050389418
PL#1, 515, 19, 534, WS#3@PL#1, 0.30741394688892804, 10.799944663867313, 4.103140083466728, 8.498257050389418
PL#1, 515, 19, 534, WS#4@PL#1, 0.24905053548322734, 11.089135198969487, 4.027859722407333, 8.498257050389418
PL#1, 515, 19, 534, WS#5@PL#1, 0.3106727533955696, 8.984878323976943, 3.8876100837645335, 8.498257050389418
PL#1, 515, 19, 534, WS#6@PL#1, 0.4226866031032474, 11.969121651965153, 4.004861180674581, 8.498257050389418
PL#1, 1505, 82, 1587, WS#1@PL#1, 0.34150239460117865, 15.461056007606892, 3.9880053671912923, 8.881782593961338
PL#1, 1505, 82, 1587, WS#2@PL#1, 0.36142297461345635, 11.655342056459586, 4.017111118427031, 8.881782593961338
PL#1, 1505, 82, 1587, WS#3@PL#1, 0.35177912817622864, 12.024880323632173, 4.006186735914339, 8.881782593961338
PL#1, 1505, 82, 1587, WS#4@PL#1, 0.4337970258798622, 14.31497550648584, 4.034301417149871, 8.881782593961338
PL#1, 1505, 82, 1587, WS#5@PL#1, 0.32290540656302735, 15.026593903815222, 4.053625756110686, 8.881782593961338
PL#1, 1505, 82, 1587, WS#6@PL#1, 0.3398203595766161, 13.716721482034064, 3.972436482461685, 8.881782593961338
PL#1, 2339, 112, 2451, WS#1@PL#1, 0.3348172215082862, 13.747050944170843, 4.005463047357835, 8.851742139725095
PL#1, 2339, 112, 2451, WS#2@PL#1, 0.3381570038193697, 11.596064512747514, 4.025514398454016, 8.851742139725095
PL#1, 2339, 112, 2451, WS#3@PL#1, 0.37848863742624583, 10.279059196022063, 4.012056231204475, 8.851742139725095
PL#1, 2339, 112, 2451, WS#4@PL#1, 0.4036908439720319, 10.910298601615327, 3.9850532890708403, 8.851742139725095
PL#1, 2339, 112, 2451, WS#5@PL#1, 0.29849335453982984, 12.648540423813685, 3.991839332036344, 8.851742139725095
PL#1, 2339, 112, 2451, WS#6@PL#1, 0.3212872512362398, 12.743547199683139, 4.051028816916094, 8.851742139725095
PL#1, 1116, 63, 1179, WS#1@PL#1, 0.34577803311231514, 13.107292978276075, 3.9969834081350903, 8.763837758733667
PL#1, 1116, 63, 1179, WS#2@PL#1, 0.2971725824792408, 10.512891811082218, 3.9948522162965, 8.763837758733667
PL#1, 1116, 63, 1179, WS#3@PL#1, 0.28343984874514555, 10.87300034816112, 3.9824125689785466, 8.763837758733667
PL#1, 1116, 63, 1179, WS#4@PL#1, 0.3006430373602538, 8.543620519237248, 4.015747599582811, 8.763837758733667
PL#1, 1116, 63, 1179, WS#5@PL#1, 0.3136172624725655, 13.691743476580143, 4.058336023794445, 8.763837758733667
PL#1, 1116, 63, 1179, WS#6@PL#1, 0.30505090878132474, 11.736431427592708, 4.021554115163409, 8.763837758733667
PL#1, 562, 25, 587, WS#1@PL#1, 0.342599380510164, 14.495511338622466, 3.9991228006069037, 8.607354007244234
PL#1, 562, 25, 587, WS#2@PL#1, 0.3358195804433743, 11.910927602429357, 4.014059732755513, 8.607354007244234
PL#1, 562, 25, 587, WS#3@PL#1, 0.28513262700658665, 11.12955049139901, 4.163664305975144, 8.607354007244234
PL#1, 562, 25, 587, WS#4@PL#1, 0.29110532588581567, 8.7681660657252, 4.125877649571183, 8.607354007244234
PL#1, 562, 25, 587, WS#5@PL#1, 0.40448360212268925, 13.61192742745796, 4.088057557274747, 8.607354007244234
PL#1, 562, 25, 587, WS#6@PL#1, 0.2826059216876543, 12.850376729183889, 3.9889433108013317, 8.607354007244234
PL#1, 533, 29, 562, WS#1@PL#1, 0.338473371868419, 16.340952137074254, 3.99026237301543, 8.975085847194451
PL#1, 533, 29, 562, WS#2@PL#1, 0.4181426965911706, 11.879195861114148, 4.021764051899041, 8.975085847194451
PL#1, 533, 29, 562, WS#3@PL#1, 0.3307115378170285, 12.34657426592198, 4.023390348957131, 8.975085847194451
PL#1, 533, 29, 562, WS#4@PL#1, 0.26937504614527524, 11.025337884887907, 3.939224352792251, 8.975085847194451
PL#1, 533, 29, 562, WS#5@PL#1, 0.36198613089722426, 19.622535736922053, 4.078553840942954, 8.975085847194451
PL#1, 533, 29, 562, WS#6@PL#1, 0.2657075743899778, 12.072332495192164, 4.030906605132912, 8.975085847194451
PL#1, 2359, 159, 2518, WS#1@PL#1, 0.32194945461917307, 14.138548236350854, 4.0008273092858575, 8.863585529012953
PL#1, 2359, 159, 2518, WS#2@PL#1, 0.3587900119382256, 11.706144964096186, 4.011496122490842, 8.863585529012953
PL#1, 2359, 159, 2518, WS#3@PL#1, 0.3447523726796385, 12.266146826893895, 3.9512210929138685, 8.863585529012953
PL#1, 2359, 159, 2518, WS#4@PL#1, 0.33075815818937276, 11.379713348841621, 4.0640327042348146, 8.863585529012953
PL#1, 2359, 159, 2518, WS#5@PL#1, 0.3211011469699685, 12.525361368370403, 4.001242442403136, 8.863585529012953
PL#1, 2359, 159, 2518, WS#6@PL#1, 0.3165776969051583, 12.7412550449236, 4.007284716254698, 8.863585529012953
PL#1, 746, 38, 784, WS#1@PL#1, 0.3251948484126001, 13.548309858109452, 4.009507206739396, 8.860546020645637
PL#1, 746, 38, 784, WS#2@PL#1, 0.32853394437986566, 11.019471443101274, 3.9661984885797663, 8.860546020645637
PL#1, 746, 38, 784, WS#3@PL#1, 0.26751539382040584, 11.648885636846606, 4.0061514186625375, 8.860546020645637
PL#1, 746, 38, 784, WS#4@PL#1, 0.41548744976567037, 12.725959886050592, 3.930170476967947, 8.860546020645637
PL#1, 746, 38, 784, WS#5@PL#1, 0.28389519423119547, 13.796462622452601, 3.947438791447489, 8.860546020645637
PL#1, 746, 38, 784, WS#6@PL#1, 0.3708245114962713, 13.161153958405379, 3.9591717735921157, 8.860546020645637
PL#1, 1807, 96, 1903, WS#1@PL#1, 0.34302223704215135, 13.71145003743889, 3.999802147698564, 8.637878795883859
PL#1, 1807, 96, 1903, WS#2@PL#1, 0.31760450271625035, 11.827291876045036, 3.9786476921346385, 8.637878795883859
PL#1, 1807, 96, 1903, WS#3@PL#1, 0.33435469693744996, 11.07330673234215, 3.978791535363168, 8.637878795883859
PL#1, 1807, 96, 1903, WS#4@PL#1, 0.3153907023977665, 11.17669634803416, 3.9527238571824346, 8.637878795883859
PL#1, 1807, 96, 1903, WS#5@PL#1, 0.27324073155298617, 12.27513853504337, 3.9579884900527142, 8.637878795883859
PL#1, 1807, 96, 1903, WS#6@PL#1, 0.33978452249503305, 11.304418734966697, 3.988201802484958, 8.637878795883859
PL#1, 2727, 143, 2870, WS#1@PL#1, 0.3351791902908096, 12.516468875089474, 4.00306486661949, 8.584217199704854
PL#1, 2727, 143, 2870, WS#2@PL#1, 0.32856536015152443, 10.041462964402793, 3.995624336749507, 8.584217199704854
PL#1, 2727, 143, 2870, WS#3@PL#1, 0.3205010423224998, 10.0302259314244, 4.031028347752176, 8.584217199704854
PL#1, 2727, 143, 2870, WS#4@PL#1, 0.35105060533131494, 10.515971960025839, 3.985143066232797, 8.584217199704854
PL#1, 2727, 143, 2870, WS#5@PL#1, 0.4434058522135202, 12.76514224252465, 3.9938265603209246, 8.584217199704854
PL#1, 2727, 143, 2870, WS#6@PL#1, 0.33007351262898166, 11.192328054133567, 4.05218438806704, 8.584217199704854
PL#1, 1305, 71, 1376, WS#1@PL#1, 0.32944538587473643, 13.95134072349834, 4.01215511682155, 8.742331154027871
PL#1, 1305, 71, 1376, WS#2@PL#1, 0.3308133511485874, 9.730532564327236, 3.990954830114529, 8.742331154027871
PL#1, 1305, 71, 1376, WS#3@PL#1, 0.30295191482581757, 11.806534245884368, 4.019021540065774, 8.742331154027871
PL#1, 1305, 71, 1376, WS#4@PL#1, 0.3901073993780615, 9.634729149321181, 4.006955429610216, 8.742331154027871
PL#1, 1305, 71, 1376, WS#5@PL#1, 0.39616650830117084, 11.665821312024013, 3.9667363747806466, 8.742331154027871
PL#1, 1305, 71, 1376, WS#6@PL#1, 0.276406405626338, 11.559213148688297, 4.0525333918829105, 8.742331154027871
PL#1, 419, 26, 445, WS#1@PL#1, 0.33095369284756015, 13.492929329328428, 4.021654811164404, 8.578437390414676
PL#1, 419, 26, 445, WS#2@PL#1, 0.3922830071229922, 9.759362081759663, 4.004405872288663, 8.578437390414676
PL#1, 419, 26, 445, WS#3@PL#1, 0.29668358356275243, 11.814714233566836, 4.089709292629618, 8.578437390414676
PL#1, 419, 26, 445, WS#4@PL#1, 0.15437671166418399, 11.170762926254502, 3.9856465950599405, 8.578437390414676
PL#1, 419, 26, 445, WS#5@PL#1, 0.47469777715831285, 11.592502599514436, 4.062041481292421, 8.578437390414676
PL#1, 419, 26, 445, WS#6@PL#1, 0.4162532746641521, 10.399979253488372, 4.045146373507951, 8.578437390414676
PL#1, 1640, 90, 1730, WS#1@PL#1, 0.34250360793730406, 14.886963519237199, 3.986064657106537, 8.953759544396002
PL#1, 1640, 90, 1730, WS#2@PL#1, 0.33604924127482805, 11.16551075820349, 4.029812263112526, 8.953759544396002
PL#1, 1640, 90, 1730, WS#3@PL#1, 0.31175691022049196, 11.074029099892481, 4.007950493205723, 8.953759544396002
PL#1, 1640, 90, 1730, WS#4@PL#1, 0.27640360213158793, 12.190481596333221, 3.9838967736968214, 8.953759544396002
PL#1, 1640, 90, 1730, WS#5@PL#1, 0.3698957772764087, 12.228458927767566, 3.9675614538446755, 8.953759544396002
PL#1, 1640, 90, 1730, WS#6@PL#1, 0.33680301088831527, 14.039060582818875, 4.035748300269809, 8.953759544396002
PL#1, 1729, 79, 1808, WS#1@PL#1, 0.32182792805339927, 12.08751460076228, 4.007839087743228, 8.419389895752028
PL#1, 1729, 79, 1808, WS#2@PL#1, 0.361115303305369, 8.456748424153496, 4.011528995119747, 8.419389895752028
PL#1, 1729, 79, 1808, WS#3@PL#1, 0.33263868771343663, 9.200478836524244, 3.9701602146065698, 8.419389895752028
PL#1, 1729, 79, 1808, WS#4@PL#1, 0.3130684387875433, 9.732523440556148, 3.9977241209226637, 8.419389895752028
PL#1, 1729, 79, 1808, WS#5@PL#1, 0.4687627405769103, 9.809762836488579, 4.028115242425427, 8.419389895752028
PL#1, 1729, 79, 1808, WS#6@PL#1, 0.3331215598784712, 9.769155843309777, 4.0020550238095804, 8.419389895752028
PL#1, 270, 12, 282, WS#1@PL#1, 0.32150979503010624, 10.957260529045069, 4.01435487301118, 8.133210145063599
PL#1, 270, 12, 282, WS#2@PL#1, 0.35274636555702443, 11.895094781140019, 3.959390765385432, 8.133210145063599
PL#1, 270, 12, 282, WS#3@PL#1, 0.31439598552545006, 8.682695501739776, 3.956483894636711, 8.133210145063599
PL#1, 270, 12, 282, WS#4@PL#1, 0.20994618577977314, 7.012411305412226, 3.915488302205136, 8.133210145063599
PL#1, 270, 12, 282, WS#5@PL#1, 0.34802378969505493, 10.700808418078774, 4.083895359793714, 8.133210145063599
PL#1, 270, 12, 282, WS#6@PL#1, 0.12825703138320518, 8.909868645552315, 3.8349326334278913, 8.133210145063599
PL#1, 700, 25, 725, WS#1@PL#1, 0.3247033564779745, 15.334970250715036, 3.9986398062603, 8.588657909149248
PL#1, 700, 25, 725, WS#2@PL#1, 0.2985044613400716, 11.797121613502894, 3.9712130031867847, 8.588657909149248
PL#1, 700, 25, 725, WS#3@PL#1, 0.2808572385846414, 13.96360305873518, 4.069096805646429, 8.588657909149248
PL#1, 700, 25, 725, WS#4@PL#1, 0.31298636412809744, 14.722590466567267, 4.01602962412876, 8.588657909149248
PL#1, 700, 25, 725, WS#5@PL#1, 0.26373951674964957, 14.38849621064019, 3.9517344155113037, 8.588657909149248
PL#1, 700, 25, 725, WS#6@PL#1, 0.3944542035859191, 17.434746694777477, 4.029940017819137, 8.588657909149248
PL#1, 52, 4, 56, WS#1@PL#1, 0.35706876122090014, 9.046750157616641, 4.010253506888499, 8.399374920951344
PL#1, 52, 4, 56, WS#2@PL#1, 0.17327664385206987, 4.233282664323314, 3.7166608767701743, 8.399374920951344
PL#1, 52, 4, 56, WS#3@PL#1, 0.18735581823508451, 3.6335860907074484, 4.092439321635785, 8.399374920951344
PL#1, 52, 4, 56, WS#4@PL#1, 0.16427440727635081, 12.66167313868664, 3.8763211611904165, 8.399374920951344
PL#1, 52, 4, 56, WS#5@PL#1, 0.3313209081676547, 12.492327361688995, 4.0373622873609865, 8.399374920951344
PL#1, 52, 4, 56, WS#6@PL#1, 0.0, 12.249834858259982, 3.8718065549918177, 8.399374920951344
PL#1, 2559, 142, 2701, WS#1@PL#1, 0.3446799986239412, 13.873958292627801, 3.9890008458603985, 8.84213825687022
PL#1, 2559, 142, 2701, WS#2@PL#1, 0.3447320220629286, 10.335658835948292, 3.987272985328599, 8.84213825687022
PL#1, 2559, 142, 2701, WS#3@PL#1, 0.38717431008273917, 10.533929934757353, 3.9947693258825026, 8.84213825687022
PL#1, 2559, 142, 2701, WS#4@PL#1, 0.34190210816189287, 12.52636641537366, 4.034114427993052, 8.84213825687022
PL#1, 2559, 142, 2701, WS#5@PL#1, 0.35263693211460445, 12.635904468228109, 4.01766480648548, 8.84213825687022
PL#1, 2559, 142, 2701, WS#6@PL#1, 0.35343419157455114, 11.770421280110337, 3.9616556935186513, 8.84213825687022
PL#1, 1903, 87, 1990, WS#1@PL#1, 0.3198483763827546, 15.070468577034804, 4.001390089227457, 8.809514803740798
PL#1, 1903, 87, 1990, WS#2@PL#1, 0.3011907341899015, 12.724018136912772, 3.969395159375402, 8.809514803740798
PL#1, 1903, 87, 1990, WS#3@PL#1, 0.37966835350591405, 11.180001639630508, 3.9685858114366805, 8.809514803740798
PL#1, 1903, 87, 1990, WS#4@PL#1, 0.42160376092063456, 10.883150722895351, 4.036919696794334, 8.809514803740798
PL#1, 1903, 87, 1990, WS#5@PL#1, 0.3052123531962678, 15.086294879145475, 4.037288593255252, 8.809514803740798
PL#1, 1903, 87, 1990, WS#6@PL#1, 0.2792139921652661, 13.747816261104596, 3.967727093864409, 8.809514803740798
PL#1, 634, 31, 665, WS#1@PL#1, 0.3304947730805413, 14.439660208593313, 3.996060245739515, 8.867470014587528
PL#1, 634, 31, 665, WS#2@PL#1, 0.39968208563776136, 11.518604861664212, 4.034793824311924, 8.867470014587528
PL#1, 634, 31, 665, WS#3@PL#1, 0.34066090145905453, 13.761419578943174, 3.9306119098450614, 8.867470014587528
PL#1, 634, 31, 665, WS#4@PL#1, 0.39316090022453215, 13.00382795700231, 3.9654793528664465, 8.867470014587528
PL#1, 634, 31, 665, WS#5@PL#1, 0.3917544940138993, 12.114097260117324, 4.0142450454150795, 8.867470014587528
PL#1, 634, 31, 665, WS#6@PL#1, 0.3162390131262285, 15.255160890783538, 3.862875111367789, 8.867470014587528
PL#1, 155, 12, 167, WS#1@PL#1, 0.32163525603289705, 11.195113294839974, 3.960862151689804, 8.146454436037033
PL#1, 155, 12, 167, WS#2@PL#1, 0.4427222594594676, 11.562072921485452, 4.024317049808445, 8.146454436037033
PL#1, 155, 12, 167, WS#3@PL#1, 0.2720420474861399, 10.692396330319918, 3.9408158835783507, 8.146454436037033
PL#1, 155, 12, 167, WS#4@PL#1, 0.6024592762557371, 12.700103628144204, 4.041966158651146, 8.146454436037033
PL#1, 155, 12, 167, WS#5@PL#1, 0.4498947569539687, 7.002748634445745, 3.9130935576681476, 8.146454436037033
PL#1, 155, 12, 167, WS#6@PL#1, 0.28924833837094965, 4.325133934294269, 3.926678158660551, 8.146454436037033
PL#1, 474, 30, 504, WS#1@PL#1, 0.331067808766163, 14.380250832242915, 4.0190167688471155, 9.274257691424324
PL#1, 474, 30, 504, WS#2@PL#1, 0.3008693184529667, 11.173063037632506, 4.048970804776411, 9.274257691424324
PL#1, 474, 30, 504, WS#3@PL#1, 0.29007633604424193, 11.598628467701666, 4.011086322601793, 9.274257691424324
PL#1, 474, 30, 504, WS#4@PL#1, 0.38322817320397945, 17.937337178124913, 3.95461819804198, 9.274257691424324
PL#1, 474, 30, 504, WS#5@PL#1, 0.335335944542684, 15.322459355107497, 4.104309112161497, 9.274257691424324
PL#1, 474, 30, 504, WS#6@PL#1, 0.2278465188292983, 10.80022915802547, 3.968919594201837, 9.274257691424324
PL#1, 160, 9, 169, WS#1@PL#1, 0.32591859489790614, 10.902565308027802, 3.9434790187124658, 7.411898763161279
PL#1, 160, 9, 169, WS#2@PL#1, 0.536105066324192, 4.237072285145926, 4.111042733747458, 7.411898763161279
PL#1, 160, 9, 169, WS#3@PL#1, 0.17163373126777515, 8.75833976514484, 4.012562441214322, 7.411898763161279
PL#1, 160, 9, 169, WS#4@PL#1, 0.3949512797522082, 5.658835707206336, 4.114835069778173, 7.411898763161279
PL#1, 160, 9, 169, WS#5@PL#1, 0.21137845889691675, 7.997251821427449, 4.13748481416121, 7.411898763161279
PL#1, 160, 9, 169, WS#6@PL#1, 0.07650520557318903, 2.5321728787697557, 3.922324067317117, 7.411898763161279
PL#1, 625, 31, 656, WS#1@PL#1, 0.3554910640774287, 11.182364191186213, 4.027760340900797, 8.336649728932214
PL#1, 625, 31, 656, WS#2@PL#1, 0.3341532868209649, 9.661046220060202, 3.9909269690342795, 8.336649728932214
PL#1, 625, 31, 656, WS#3@PL#1, 0.35405361544747277, 8.927151396136946, 3.9501345183025913, 8.336649728932214
PL#1, 625, 31, 656, WS#4@PL#1, 0.36335940956401136, 10.498275092928793, 3.9537591800929888, 8.336649728932214
PL#1, 625, 31, 656, WS#5@PL#1, 0.3638238662033413, 13.554028853480398, 4.040488061235404, 8.336649728932214
PL#1, 625, 31, 656, WS#6@PL#1, 0.42813700891189316, 10.734246214180754, 4.101771169311518, 8.336649728932214
PL#1, 66, 4, 70, WS#1@PL#1, 0.32396623084610526, 10.12099148596462, 4.022174183105294, 8.24580419607789
PL#1, 66, 4, 70, WS#2@PL#1, 0.36764245682291846, 6.2708010025311784, 4.152168477807453, 8.24580419607789
PL#1, 66, 4, 70, WS#3@PL#1, 0.2572723078859863, 10.827713045551093, 3.815379190531866, 8.24580419607789
PL#1, 66, 4, 70, WS#4@PL#1, 0.4527495204960559, 5.982989794414672, 4.068471476216658, 8.24580419607789
PL#1, 66, 4, 70, WS#5@PL#1, 0.19260827216801513, 4.570406737423801, 4.001353336708353, 8.24580419607789
PL#1, 66, 4, 70, WS#6@PL#1, 0.34173669961285214, 10.459109413136712, 3.9715271366995957, 8.24580419607789
PL#1, 898, 41, 939, WS#1@PL#1, 0.3093492073600191, 14.738275454012877, 4.007872262338129, 8.693619062995465
PL#1, 898, 41, 939, WS#2@PL#1, 0.34379819328978617, 11.578521747408706, 4.008481467505133, 8.693619062995465
PL#1, 898, 41, 939, WS#3@PL#1, 0.33496412213158283, 10.477355983719207, 3.9300694846219884, 8.693619062995465
PL#1, 898, 41, 939, WS#4@PL#1, 0.296559365405395, 12.766872750093555, 4.0402564052621734, 8.693619062995465
PL#1, 898, 41, 939, WS#5@PL#1, 0.4107311431222927, 12.966341346405251, 3.9955840529513313, 8.693619062995465
PL#1, 898, 41, 939, WS#6@PL#1, 0.346450671539118, 12.146059298221385, 4.061433150496917, 8.693619062995465
PL#1, 546, 26, 572, WS#1@PL#1, 0.34964742374162044, 8.724825608643533, 3.980273235938447, 8.014207173997
PL#1, 546, 26, 572, WS#2@PL#1, 0.31609730951677256, 7.72925090083033, 4.025931806458664, 8.014207173997
PL#1, 546, 26, 572, WS#3@PL#1, 0.256235337268222, 6.963773415960054, 3.9473336581247254, 8.014207173997
PL#1, 546, 26, 572, WS#4@PL#1, 0.38517704226969535, 6.6965597750115915, 4.038648789328823, 8.014207173997
PL#1, 546, 26, 572, WS#5@PL#1, 0.2939857661066538, 8.650801529352089, 3.932365856901465, 8.014207173997
PL#1, 546, 26, 572, WS#6@PL#1, 0.3632087235605154, 7.882199390504816, 3.9968039087925686, 8.014207173997
PL#1, 561, 28, 589, WS#1@PL#1, 0.3339020328385685, 13.297402445808995, 4.028708535531766, 8.565143827037529
PL#1, 561, 28, 589, WS#2@PL#1, 0.35742774271381966, 11.52997645826005, 3.9732981457716736, 8.565143827037529
PL#1, 561, 28, 589, WS#3@PL#1, 0.25430133043230013, 12.712542930526377, 3.9935751115651716, 8.565143827037529
PL#1, 561, 28, 589, WS#4@PL#1, 0.2386321792882837, 11.370850626846352, 3.9301583311143986, 8.565143827037529
PL#1, 561, 28, 589, WS#5@PL#1, 0.27257304380977637, 11.060911025973782, 4.0059455522775655, 8.565143827037529
PL#1, 561, 28, 589, WS#6@PL#1, 0.2231305358144226, 10.606174745445616, 4.038158094726087, 8.565143827037529
PL#1, 744, 45, 789, WS#1@PL#1, 0.3578074284373515, 14.479273238909059, 3.98302679968486, 9.018204434653061
PL#1, 744, 45, 789, WS#2@PL#1, 0.35210206443743963, 11.485446359264849, 4.03552202538978, 9.018204434653061
PL#1, 744, 45, 789, WS#3@PL#1, 0.3776909225233763, 11.773773384271486, 3.9696330801386366, 9.018204434653061
PL#1, 744, 45, 789, WS#4@PL#1, 0.35014196042722656, 12.751721270162765, 4.007382526658666, 9.018204434653061
PL#1, 744, 45, 789, WS#5@PL#1, 0.33006448353090473, 13.332132210372729, 3.997888066625555, 9.018204434653061
PL#1, 744, 45, 789, WS#6@PL#1, 0.3405504473791774, 14.779895389140895, 4.035766609397223, 9.018204434653061
PL#1, 215, 12, 227, WS#1@PL#1, 0.2850595997578723, 12.096273973839722, 3.995449194826016, 8.782302003814683
PL#1, 215, 12, 227, WS#2@PL#1, 0.3172955250835237, 8.269782224951904, 3.9739368346238417, 8.782302003814683
PL#1, 215, 12, 227, WS#3@PL#1, 0.3254347783212421, 8.213979409712191, 4.019761946240392, 8.782302003814683
PL#1, 215, 12, 227, WS#4@PL#1, 0.2614803963366441, 8.235545572322941, 3.897369692919535, 8.782302003814683
PL#1, 215, 12, 227, WS#5@PL#1, 0.2877545011972084, 9.777678995497977, 4.157641900196996, 8.782302003814683
PL#1, 215, 12, 227, WS#6@PL#1, 0.43816391437219576, 10.697616039458953, 4.038339529358475, 8.782302003814683
PL#1, 1206, 74, 1280, WS#1@PL#1, 0.33942972018857037, 12.973568938793322, 4.002625371603825, 8.529643258917849
PL#1, 1206, 74, 1280, WS#2@PL#1, 0.29733297724624413, 10.356731515171589, 3.9819968551738034, 8.529643258917849
PL#1, 1206, 74, 1280, WS#3@PL#1, 0.3471253713169296, 11.606955875843557, 3.9679212612495673, 8.529643258917849
PL#1, 1206, 74, 1280, WS#4@PL#1, 0.3017635730347588, 10.466659516352289, 4.059330325483313, 8.529643258917849
PL#1, 1206, 74, 1280, WS#5@PL#1, 0.2684412340397344, 10.38754125364865, 4.041352983437984, 8.529643258917849
PL#1, 1206, 74, 1280, WS#6@PL#1, 0.24552396065921142, 11.396120403254654, 3.9928599307727204, 8.529643258917849
PL#1, 1097, 54, 1151, WS#1@PL#1, 0.3359722893591787, 12.561806802550219, 4.006267655933661, 8.540031721269811
PL#1, 1097, 54, 1151, WS#2@PL#1, 0.27014301487956305, 9.556972438952453, 3.9507023563652615, 8.540031721269811
PL#1, 1097, 54, 1151, WS#3@PL#1, 0.3258068169081581, 10.266592855168483, 3.996518965781251, 8.540031721269811
PL#1, 1097, 54, 1151, WS#4@PL#1, 0.31509469954337305, 10.586064350495388, 3.99411334972043, 8.540031721269811
PL#1, 1097, 54, 1151, WS#5@PL#1, 0.34576766794803276, 10.260065496457303, 4.0129742784737665, 8.540031721269811
PL#1, 1097, 54, 1151, WS#6@PL#1, 0.2347806550595293, 12.729429888962576, 4.020361141311573, 8.540031721269811
PL#1, 173, 8, 181, WS#1@PL#1, 0.303343420078394, 8.928581336497647, 4.0135598155964525, 7.520609907803695
PL#1, 173, 8, 181, WS#2@PL#1, 0.3201496137079842, 4.674020232814164, 3.955573545650038, 7.520609907803695
PL#1, 173, 8, 181, WS#3@PL#1, 0.328051471587929, 5.2837418317079425, 4.0446146566675, 7.520609907803695
PL#1, 173, 8, 181, WS#4@PL#1, 0.25386607193535093, 4.731580527233545, 4.096931984616595, 7.520609907803695
PL#1, 173, 8, 181, WS#5@PL#1, 0.251931709221178, 3.2893083493913755, 3.930656344147463, 7.520609907803695
PL#1, 173, 8, 181, WS#6@PL#1, 0.19865428740700805, 7.326326179302548, 3.9106636999216775, 7.520609907803695
PL#1, 338, 17, 355, WS#1@PL#1, 0.3273185395996214, 15.205218284196535, 4.006523007827583, 9.103149314002412
PL#1, 338, 17, 355, WS#2@PL#1, 0.2810175577794808, 11.704269848667169, 4.052545433189487, 9.103149314002412
PL#1, 338, 17, 355, WS#3@PL#1, 0.3409456870634523, 13.741827539716269, 4.035269459388362, 9.103149314002412
PL#1, 338, 17, 355, WS#4@PL#1, 0.2948928271276938, 11.314695476479153, 3.9433253781593933, 9.103149314002412
PL#1, 338, 17, 355, WS#5@PL#1, 0.24019804074136078, 11.926499662639062, 4.014916865511751, 9.103149314002412
PL#1, 338, 17, 355, WS#6@PL#1, 0.35022367616418193, 16.603201435497297, 4.053634052007796, 9.103149314002412
PL#1, 2954, 148, 3102, WS#1@PL#1, 0.3239660153000622, 13.174325038112366, 3.9997669408769347, 8.796941552522629
PL#1, 2954, 148, 3102, WS#2@PL#1, 0.3323180907261444, 9.194622973836191, 4.021020347496199, 8.796941552522629
PL#1, 2954, 148, 3102, WS#3@PL#1, 0.32308209931128784, 11.268204147453945, 4.0214702601286465, 8.796941552522629
PL#1, 2954, 148, 3102, WS#4@PL#1, 0.3588198573505734, 11.319465165567081, 4.023072375110772, 8.796941552522629
PL#1, 2954, 148, 3102, WS#5@PL#1, 0.3005695514582138, 12.370048812357503, 4.010653462456372, 8.796941552522629
PL#1, 2954, 148, 3102, WS#6@PL#1, 0.395974504613538, 12.049463620902431, 4.013722136503113, 8.796941552522629
PL#1, 1833, 86, 1919, WS#1@PL#1, 0.3383559090406813, 13.7760147442898, 4.008772399785378, 8.686361054678876
PL#1, 1833, 86, 1919, WS#2@PL#1, 0.3313091410401454, 11.374035968956116, 3.989855098955437, 8.686361054678876
PL#1, 1833, 86, 1919, WS#3@PL#1, 0.3035349218629865, 12.40833648399453, 3.99794914505402, 8.686361054678876
PL#1, 1833, 86, 1919, WS#4@PL#1, 0.3500410720791121, 12.533465764263756, 3.990627004631898, 8.686361054678876
PL#1, 1833, 86, 1919, WS#5@PL#1, 0.30381385248146175, 14.508235412344883, 3.9920673334034844, 8.686361054678876
PL#1, 1833, 86, 1919, WS#6@PL#1, 0.32941851292240243, 13.353270666123267, 4.03069868044824, 8.686361054678876
PL#1, 1793, 80, 1873, WS#1@PL#1, 0.32231743196949253, 13.323348063214379, 3.9882053846923786, 8.546819995623773
PL#1, 1793, 80, 1873, WS#2@PL#1, 0.2909412976212481, 10.551011776279035, 4.030298478992217, 8.546819995623773
PL#1, 1793, 80, 1873, WS#3@PL#1, 0.3577222662066165, 10.696140176784704, 3.971791109281823, 8.546819995623773
PL#1, 1793, 80, 1873, WS#4@PL#1, 0.3596686041911442, 10.868765793996285, 4.005625678563906, 8.546819995623773
PL#1, 1793, 80, 1873, WS#5@PL#1, 0.3411856344212636, 12.320282338979075, 4.044514307059839, 8.546819995623773
PL#1, 1793, 80, 1873, WS#6@PL#1, 0.32521550289337, 13.428165813991365, 4.021368579653556, 8.546819995623773
PL#1, 86, 3, 89, WS#1@PL#1, 0.2594320902480152, 10.307998203700707, 3.9804980636832763, 8.194657846278258
PL#1, 86, 3, 89, WS#2@PL#1, 0.3895659885168062, 9.299119382500118, 4.038561373416107, 8.194657846278258
PL#1, 86, 3, 89, WS#3@PL#1, 0.6935189717052168, 12.44473262055252, 4.226017985614211, 8.194657846278258
PL#1, 86, 3, 89, WS#4@PL#1, 0.29026772708193926, 9.494134297769929, 3.9426899717271704, 8.194657846278258
PL#1, 86, 3, 89, WS#5@PL#1, 0.7209025377257419, 5.567783981426589, 3.9248478208471225, 8.194657846278258
PL#1, 86, 3, 89, WS#6@PL#1, 0.4199959039462963, 4.283363335596968, 3.8335250635902653, 8.194657846278258
PL#1, 450, 17, 467, WS#1@PL#1, 0.33918892160360853, 9.609974987488739, 3.981122087380393, 8.253918892174418
PL#1, 450, 17, 467, WS#2@PL#1, 0.3736720631990186, 8.059186031269613, 3.99625458734839, 8.253918892174418
PL#1, 450, 17, 467, WS#3@PL#1, 0.3295784076933292, 6.958196308991554, 4.064773741957812, 8.253918892174418
PL#1, 450, 17, 467, WS#4@PL#1, 0.3147532000167068, 7.837174223768724, 3.9514278658912536, 8.253918892174418
PL#1, 450, 17, 467, WS#5@PL#1, 0.37462928677708207, 6.238455344101634, 4.050169952666227, 8.253918892174418
PL#1, 450, 17, 467, WS#6@PL#1, 0.22015716260133106, 5.77919328381088, 4.082224710947784, 8.253918892174418
PL#1, 677, 33, 710, WS#1@PL#1, 0.32477753551463967, 12.019578141847848, 4.02131759304113, 8.405966619168433
PL#1, 677, 33, 710, WS#2@PL#1, 0.37337711712355587, 9.105886724233097, 4.074203299438842, 8.405966619168433
PL#1, 677, 33, 710, WS#3@PL#1, 0.36631790787760005, 9.556797492778106, 4.09185488186938, 8.405966619168433
PL#1, 677, 33, 710, WS#4@PL#1, 0.3010100253945437, 12.332078225269532, 3.9707204055755927, 8.405966619168433
PL#1, 677, 33, 710, WS#5@PL#1, 0.33553513338807966, 11.611837814694589, 3.995835432638424, 8.405966619168433
PL#1, 677, 33, 710, WS#6@PL#1, 0.4205729874513726, 8.315108065269337, 4.003424708291709, 8.405966619168433
PL#1, 2261, 126, 2387, WS#1@PL#1, 0.32806277959455016, 13.723039813020078, 3.9984447701137285, 8.753355654942913
PL#1, 2261, 126, 2387, WS#2@PL#1, 0.3192447523670333, 11.011269182546405, 3.9698586619072933, 8.753355654942913
PL#1, 2261, 126, 2387, WS#3@PL#1, 0.31873176563971944, 11.723551256561768, 4.0329470918164345, 8.753355654942913
PL#1, 2261, 126, 2387, WS#4@PL#1, 0.3401982607980598, 10.909271916718193, 4.044971985569222, 8.753355654942913
PL#1, 2261, 126, 2387, WS#5@PL#1, 0.3531075437896414, 10.39108937116864, 3.960453956894416, 8.753355654942913
PL#1, 2261, 126, 2387, WS#6@PL#1, 0.3845454332590673, 12.054370823414624, 4.032274811557748, 8.753355654942913
PL#1, 1377, 74, 1451, WS#1@PL#1, 0.3411540465188083, 11.541244277356414, 4.0058895617185595, 8.467353201543206
PL#1, 1377, 74, 1451, WS#2@PL#1, 0.3261061766010519, 9.122759204887343, 3.9995671031349422, 8.467353201543206
PL#1, 1377, 74, 1451, WS#3@PL#1, 0.3772637248213977, 9.289813117680664, 3.9967086361982336, 8.467353201543206
PL#1, 1377, 74, 1451, WS#4@PL#1, 0.301666207504899, 8.743843829912855, 3.999017342254803, 8.467353201543206
PL#1, 1377, 74, 1451, WS#5@PL#1, 0.30238316223514433, 10.091686579484383, 3.986210489997116, 8.467353201543206
PL#1, 1377, 74, 1451, WS#6@PL#1, 0.2267599171179336, 9.996752195148664, 4.013286452504284, 8.467353201543206
PL#1, 73, 7, 80, WS#1@PL#1, 0.383643084989123, 8.72911247480023, 4.045318905578072, 7.709281020806749
PL#1, 73, 7, 80, WS#2@PL#1, 0.4888332775789537, 5.252730641512502, 4.130319793153538, 7.709281020806749
PL#1, 73, 7, 80, WS#3@PL#1, 0.23557769575676227, 6.217031520309108, 3.8506632448135063, 7.709281020806749
PL#1, 73, 7, 80, WS#4@PL#1, 0.1774284398384829, 7.244265581978378, 4.232765687437499, 7.709281020806749
PL#1, 73, 7, 80, WS#5@PL#1, 0.7860341627193606, 7.919251142817404, 3.8464322798266593, 7.709281020806749
PL#1, 73, 7, 80, WS#6@PL#1, 0.5781784585221814, 7.68179750468311, 4.072827990674847, 7.709281020806749
PL#1, 771, 32, 803, WS#1@PL#1, 0.3488983832789891, 15.130295145937728, 4.0029672957009, 8.985454530140213
PL#1, 771, 32, 803, WS#2@PL#1, 0.32835171486601167, 10.59023282938209, 4.017195427327507, 8.985454530140213
PL#1, 771, 32, 803, WS#3@PL#1, 0.32641968635629487, 10.434067597027907, 3.9655323767671926, 8.985454530140213
PL#1, 771, 32, 803, WS#4@PL#1, 0.26496765044846815, 13.10762245701297, 3.907666599525871, 8.985454530140213
PL#1, 771, 32, 803, WS#5@PL#1, 0.3945547950479481, 12.438192215397644, 3.996516157228005, 8.985454530140213
PL#1, 771, 32, 803, WS#6@PL#1, 0.24154344690963547, 13.688124460070982, 3.9650451658234847, 8.985454530140213
PL#1, 587, 29, 616, WS#1@PL#1, 0.345030564147521, 13.25259059818786, 3.995270274855604, 8.517709414503646
PL#1, 587, 29, 616, WS#2@PL#1, 0.41377163415294327, 10.153744086602897, 3.9932793222348453, 8.517709414503646
PL#1, 587, 29, 616, WS#3@PL#1, 0.3362767719376738, 11.093170955862414, 3.937839278060343, 8.517709414503646
PL#1, 587, 29, 616, WS#4@PL#1, 0.36669311251369824, 13.255782512800737, 4.092610905023773, 8.517709414503646
PL#1, 587, 29, 616, WS#5@PL#1, 0.2955148840385346, 12.400457302573011, 4.022619926495531, 8.517709414503646
PL#1, 587, 29, 616, WS#6@PL#1, 0.3402313649967816, 14.090951433185046, 4.015833699256798, 8.517709414503646
PL#1, 647, 24, 671, WS#1@PL#1, 0.30032143357169605, 13.348263113131436, 3.999191669082839, 8.758432483528384
PL#1, 647, 24, 671, WS#2@PL#1, 0.4054232249440314, 9.51850245288744, 4.010510737289592, 8.758432483528384
PL#1, 647, 24, 671, WS#3@PL#1, 0.32218653731573393, 10.291020920509645, 4.02754282114974, 8.758432483528384
PL#1, 647, 24, 671, WS#4@PL#1, 0.38505779119148237, 13.911051113703504, 4.018983691885588, 8.758432483528384
PL#1, 647, 24, 671, WS#5@PL#1, 0.40052569771431884, 9.730595150613812, 3.9648880795408132, 8.758432483528384
PL#1, 647, 24, 671, WS#6@PL#1, 0.29931932967869335, 12.847782435190593, 4.045256945249669, 8.758432483528384
PL#1, 334, 17, 351, WS#1@PL#1, 0.31308497493095894, 13.668420532403829, 3.9929878390357323, 8.784894257291281
PL#1, 334, 17, 351, WS#2@PL#1, 0.39482908456007426, 11.807103737758602, 3.9888281627759583, 8.784894257291281
PL#1, 334, 17, 351, WS#3@PL#1, 0.3226449185109854, 12.44372706634575, 4.037621034421533, 8.784894257291281
PL#1, 334, 17, 351, WS#4@PL#1, 0.2177543791272634, 11.633271288290489, 4.071955651244489, 8.784894257291281
PL#1, 334, 17, 351, WS#5@PL#1, 0.23253145092691832, 13.407269086734457, 3.8939079853305985, 8.784894257291281
PL#1, 334, 17, 351, WS#6@PL#1, 0.331073928503868, 10.818978440397878, 4.086574715561775, 8.784894257291281
PL#1, 1580, 77, 1657, WS#1@PL#1, 0.3198249225495554, 12.88286018605866, 3.989797925593143, 8.463760289594276
PL#1, 1580, 77, 1657, WS#2@PL#1, 0.3247095511857041, 10.108967782830135, 4.052567525845961, 8.463760289594276
PL#1, 1580, 77, 1657, WS#3@PL#1, 0.3882795208445646, 9.750490321675041, 4.020292010012028, 8.463760289594276
PL#1, 1580, 77, 1657, WS#4@PL#1, 0.2441533506173198, 8.720856774005423, 4.013026406583538, 8.463760289594276
PL#1, 1580, 77, 1657, WS#5@PL#1, 0.29316978797012455, 11.067313461343488, 4.065124751548103, 8.463760289594276
PL#1, 1580, 77, 1657, WS#6@PL#1, 0.4155397704436606, 10.940262377763162, 4.042197002775469, 8.463760289594276
PL#1, 19, 4, 23, WS#1@PL#1, 0.18015503721678014, 3.19310082297203, 4.0915630201604785, 7.879151812329831
PL#1, 19, 4, 23, WS#2@PL#1, 0.1840858617038279, 2.314464364733222, 4.14007529546843, 7.879151812329831
PL#1, 19, 4, 23, WS#3@PL#1, 0.38366558332263345, 0.0, 3.580576995188879, 7.879151812329831
PL#1, 19, 4, 23, WS#4@PL#1, 0.0, 0.0, 3.953852795911397, 7.879151812329831
PL#1, 19, 4, 23, WS#5@PL#1, 0.1372720223833479, 0.0, 3.2905076667779705, 7.879151812329831
PL#1, 19, 4, 23, WS#6@PL#1, 0.22724852987635202, 0.0, 3.778747215855205, 7.879151812329831
PL#1, 631, 35, 666, WS#1@PL#1, 0.37664559816309245, 10.865629792145809, 3.999941281760239, 8.051244210888578
PL#1, 631, 35, 666, WS#2@PL#1, 0.2754240127354629, 8.738874201838772, 3.937938534659198, 8.051244210888578
PL#1, 631, 35, 666, WS#3@PL#1, 0.34189552188626676, 8.009421383206933, 3.976702901753272, 8.051244210888578
PL#1, 631, 35, 666, WS#4@PL#1, 0.30558994496782765, 9.959926331527063, 4.051848495519468, 8.051244210888578
PL#1, 631, 35, 666, WS#5@PL#1, 0.41307733493769405, 10.93045411838823, 3.968294814193641, 8.051244210888578
PL#1, 631, 35, 666, WS#6@PL#1, 0.3630242344869533, 9.695536896931458, 4.0561263417658235, 8.051244210888578
PL#1, 892, 42, 934, WS#1@PL#1, 0.33431974466028014, 13.61572936776189, 3.9779149898531863, 8.955583410945211
PL#1, 892, 42, 934, WS#2@PL#1, 0.2769028821999104, 10.098307559781984, 3.90596010438454, 8.955583410945211
PL#1, 892, 42, 934, WS#3@PL#1, 0.31724158639794164, 10.95677369933788, 4.015312854173954, 8.955583410945211
PL#1, 892, 42, 934, WS#4@PL#1, 0.3558057502503706, 12.355875759581133, 4.036516809123449, 8.955583410945211
PL#1, 892, 42, 934, WS#5@PL#1, 0.37362259691126143, 14.062588403456093, 3.979454802294896, 8.955583410945211
PL#1, 892, 42, 934, WS#6@PL#1, 0.3152232027207758, 12.026551407146497, 4.077875566311597, 8.955583410945211
PL#1, 1191, 70, 1261, WS#1@PL#1, 0.34293285091156017, 13.543965718672634, 3.997265038452138, 8.699603744421049
PL#1, 1191, 70, 1261, WS#2@PL#1, 0.3231738132013648, 10.777745151602744, 4.018189745924547, 8.699603744421049
PL#1, 1191, 70, 1261, WS#3@PL#1, 0.29973978972402143, 11.322439973378629, 3.984636562982767, 8.699603744421049
PL#1, 1191, 70, 1261, WS#4@PL#1, 0.3467342381028512, 11.131313771651877, 4.023256163522325, 8.699603744421049
PL#1, 1191, 70, 1261, WS#5@PL#1, 0.39129762092287285, 12.18246325211347, 3.940834741740082, 8.699603744421049
PL#1, 1191, 70, 1261, WS#6@PL#1, 0.3387630899130344, 11.874557828404978, 4.003453292387253, 8.699603744421049
PL#1, 2588, 155, 2743, WS#1@PL#1, 0.3356117699812478, 13.388623735857403, 4.004455967738986, 8.734032784597442
PL#1, 2588, 155, 2743, WS#2@PL#1, 0.32977869716321345, 9.904394639319799, 4.0479038195645645, 8.734032784597442
PL#1, 2588, 155, 2743, WS#3@PL#1, 0.3514613681051902, 10.41926172771228, 4.002608010903177, 8.734032784597442
PL#1, 2588, 155, 2743, WS#4@PL#1, 0.3035614463153524, 11.495891946028436, 4.047221271002201, 8.734032784597442
PL#1, 2588, 155, 2743, WS#5@PL#1, 0.37035351526907334, 10.922704589427235, 4.0523109474081975, 8.734032784597442
PL#1, 2588, 155, 2743, WS#6@PL#1, 0.2630373738039363, 13.663644615030893, 3.9970025567553487, 8.734032784597442
PL#1, 938, 54, 992, WS#1@PL#1, 0.318399311504838, 13.083849328048572, 4.016280838354525, 8.772067872530577
PL#1, 938, 54, 992, WS#2@PL#1, 0.3019208986433418, 10.918074241544645, 3.9828871436113684, 8.772067872530577
PL#1, 938, 54, 992, WS#3@PL#1, 0.3630422001667156, 12.154130891901701, 4.0330526755535265, 8.772067872530577
PL#1, 938, 54, 992, WS#4@PL#1, 0.30913115446074324, 10.15697428290077, 4.08022557779254, 8.772067872530577
PL#1, 938, 54, 992, WS#5@PL#1, 0.32210434829244877, 10.361866052426512, 3.908792439899308, 8.772067872530577
PL#1, 938, 54, 992, WS#6@PL#1, 0.26162322492096296, 11.538843320209404, 3.9661615794026335, 8.772067872530577
PL#1, 1324, 63, 1387, WS#1@PL#1, 0.3343850268747828, 13.393592498405653, 4.002370290394732, 8.90380892149235
PL#1, 1324, 63, 1387, WS#2@PL#1, 0.36731273671800196, 10.681888601894645, 4.0295486203359125, 8.90380892149235
PL#1, 1324, 63, 1387, WS#3@PL#1, 0.43931489046779876, 10.16309782849014, 4.014689392459667, 8.90380892149235
PL#1, 1324, 63, 1387, WS#4@PL#1, 0.3023592623417062, 9.615674437342124, 4.022582512565236, 8.90380892149235
PL#1, 1324, 63, 1387, WS#5@PL#1, 0.2671486312452823, 11.225555218574694, 4.027168491405948, 8.90380892149235
PL#1, 1324, 63, 1387, WS#6@PL#1, 0.2860941652604616, 11.387245142803229, 4.0086038465612726, 8.90380892149235
PL#1, 51, 1, 52, WS#1@PL#1, 0.3414685231093132, 3.259831802939939, 3.911354784826082, 7.516817745255922
PL#1, 51, 1, 52, WS#2@PL#1, 1.0726937971031418, 5.666302274369142, 4.051381385862856, 7.516817745255922
PL#1, 51, 1, 52, WS#3@PL#1, 0.3198386699041073, 3.358022198562604, 3.8496863679499724, 7.516817745255922
PL#1, 51, 1, 52, WS#4@PL#1, 0.6352542884190129, 0.0, 4.049842696009304, 7.516817745255922
PL#1, 51, 1, 52, WS#5@PL#1, 0.3286511124501885, 3.7226811585856012, 3.985457741694311, 7.516817745255922
PL#1, 51, 1, 52, WS#6@PL#1, 0.0, 4.656278461712229, 4.090329406965038, 7.516817745255922
PL#1, 3998, 213, 4211, WS#1@PL#1, 0.3380175280318665, 14.935568210562476, 3.9998255841144714, 9.00005781747749
PL#1, 3998, 213, 4211, WS#2@PL#1, 0.33559211319569304, 11.498020575810274, 4.042782389371727, 9.00005781747749
PL#1, 3998, 213, 4211, WS#3@PL#1, 0.35789538532810133, 12.537071259693679, 3.994657765891025, 9.00005781747749
PL#1, 3998, 213, 4211, WS#4@PL#1, 0.2868136863433992, 12.825066338455724, 3.964456067438152, 9.00005781747749
PL#1, 3998, 213, 4211, WS#5@PL#1, 0.3043693129362138, 13.22440730399482, 4.0002794194155635, 9.00005781747749
PL#1, 3998, 213, 4211, WS#6@PL#1, 0.38229262484454285, 13.291023880593986, 4.018837767085641, 9.00005781747749
PL#1, 119, 2, 121, WS#1@PL#1, 0.34774278142663106, 11.475834727179402, 4.007788999806561, 8.58037046371667
PL#1, 119, 2, 121, WS#2@PL#1, 0.33458072994496924, 5.150194773529045, 3.862106879370581, 8.58037046371667
PL#1, 119, 2, 121, WS#3@PL#1, 0.286155576845303, 7.920766706444459, 3.8109594407374017, 8.58037046371667
PL#1, 119, 2, 121, WS#4@PL#1, 0.35527752227466775, 7.238929860954386, 3.780172879906025, 8.58037046371667
PL#1, 119, 2, 121, WS#5@PL#1, 0.5433583759302429, 7.88479653054149, 4.097225524325842, 8.58037046371667
PL#1, 119, 2, 121, WS#6@PL#1, 0.08051571868897156, 11.259318632290961, 4.052549285200302, 8.58037046371667
PL#1, 226, 12, 238, WS#1@PL#1, 0.34271249989092495, 8.334761257205713, 3.9871564415686596, 8.058365358937118
PL#1, 226, 12, 238, WS#2@PL#1, 0.385555514872843, 4.886053726630464, 3.945670159875046, 8.058365358937118
PL#1, 226, 12, 238, WS#3@PL#1, 0.3636539312488682, 7.922462036937809, 4.071732576903404, 8.058365358937118
PL#1, 226, 12, 238, WS#4@PL#1, 0.39581959023221586, 6.373508361812333, 3.8888082703379565, 8.058365358937118
PL#1, 226, 12, 238, WS#5@PL#1, 0.22261392312026776, 11.475061900272953, 4.069451915033545, 8.058365358937118
PL#1, 226, 12, 238, WS#6@PL#1, 0.32502274062726616, 5.564562253925403, 3.87098003656823, 8.058365358937118
PL#1, 322, 15, 337, WS#1@PL#1, 0.32146099916861604, 8.58747665548112, 4.016644387919315, 7.882308862354935
PL#1, 322, 15, 337, WS#2@PL#1, 0.3277634014628661, 8.620330537098274, 4.0195742264894, 7.882308862354935
PL#1, 322, 15, 337, WS#3@PL#1, 0.35610119679854746, 8.577858380311282, 4.132964300508226, 7.882308862354935
PL#1, 322, 15, 337, WS#4@PL#1, 0.25433040779779087, 5.064044817443107, 3.8863014282294674, 7.882308862354935
PL#1, 322, 15, 337, WS#5@PL#1, 0.30971956965676417, 6.832888976878246, 3.963238523136881, 7.882308862354935
PL#1, 322, 15, 337, WS#6@PL#1, 0.4109486505721757, 9.673149963646175, 4.065340178222701, 7.882308862354935
PL#1, 363, 23, 386, WS#1@PL#1, 0.3246522604712687, 10.583003991546999, 3.987878707082106, 8.251137076742708
PL#1, 363, 23, 386, WS#2@PL#1, 0.41154706349135983, 9.790509350812957, 4.077130401828603, 8.251137076742708
PL#1, 363, 23, 386, WS#3@PL#1, 0.27499474590750816, 9.144687612594895, 4.104710635485015, 8.251137076742708
PL#1, 363, 23, 386, WS#4@PL#1, 0.3112467183051108, 9.920965492946044, 3.8553699923198397, 8.251137076742708
PL#1, 363, 23, 386, WS#5@PL#1, 0.220679169672376, 10.18216474854512, 3.980970048170984, 8.251137076742708
PL#1, 363, 23, 386, WS#6@PL#1, 0.27515036023453276, 10.513449920058644, 3.941321291740352, 8.251137076742708
PL#1, 827, 54, 881, WS#1@PL#1, 0.3419962164938097, 12.0563425502804, 4.0001964519108295, 8.539241956303076
PL#1, 827, 54, 881, WS#2@PL#1, 0.25596550151450287, 8.444580119520346, 4.007671971547065, 8.539241956303076
PL#1, 827, 54, 881, WS#3@PL#1, 0.4045860652726048, 8.776267628959, 4.031993417734293, 8.539241956303076
PL#1, 827, 54, 881, WS#4@PL#1, 0.3182395752941514, 7.644907002186755, 4.006629668219489, 8.539241956303076
PL#1, 827, 54, 881, WS#5@PL#1, 0.31719018389845643, 15.45980686579332, 4.034532743472224, 8.539241956303076
PL#1, 827, 54, 881, WS#6@PL#1, 0.277199672500072, 9.996538594694995, 4.004546293106132, 8.539241956303076
PL#1, 1334, 75, 1409, WS#1@PL#1, 0.3313841618766174, 14.289354748894182, 3.998796106827306, 8.834303532354726
PL#1, 1334, 75, 1409, WS#2@PL#1, 0.37035944470789867, 11.492548919563852, 3.9794606998763404, 8.834303532354726
PL#1, 1334, 75, 1409, WS#3@PL#1, 0.3490373687331483, 10.67559170909453, 4.047044625608912, 8.834303532354726
PL#1, 1334, 75, 1409, WS#4@PL#1, 0.36660998494707037, 9.592139487071526, 3.94945341074221, 8.834303532354726
PL#1, 1334, 75, 1409, WS#5@PL#1, 0.32590476752463665, 11.632613464190271, 4.037820053996574, 8.834303532354726
PL#1, 1334, 75, 1409, WS#6@PL#1, 0.43802747864111663, 12.274005869148974, 4.058312575236118, 8.834303532354726
PL#1, 2204, 115, 2319, WS#1@PL#1, 0.3373791111656541, 14.149362914021959, 4.001130454022599, 8.843333435902117
PL#1, 2204, 115, 2319, WS#2@PL#1, 0.3189794815752994, 10.987598997680452, 3.949506999529712, 8.843333435902117
PL#1, 2204, 115, 2319, WS#3@PL#1, 0.3031645022536544, 10.071123760876779, 3.9935502216663736, 8.843333435902117
PL#1, 2204, 115, 2319, WS#4@PL#1, 0.33430644826598915, 11.864258287607425, 4.001034478765133, 8.843333435902117
PL#1, 2204, 115, 2319, WS#5@PL#1, 0.32707821774868284, 13.954567257527838, 4.015593717657759, 8.843333435902117
PL#1, 2204, 115, 2319, WS#6@PL#1, 0.32156996171580626, 12.453959730940525, 3.9523359117695445, 8.843333435902117
