Production Line,Work Station,Approved Items,Rejected Items,Total Items,Average fixing time,Average supplying time
PL#1, WS#1@PL#1,17,1,18, 0.37023477843871655,0
PL#1, WS#2@PL#1,17,1,18,0,0
PL#1, WS#3@PL#1,17,1,18,0,0
PL#1, WS#4@PL#1,17,1,18,0.001275631,0
PL#1, WS#5@PL#1,17,1,18,0,0
PL#1, WS#6@PL#1,17,1,18,0,0
PL#1, WS#1@PL#1,11,1,12, 0.34588844999410995,0
PL#1, WS#2@PL#1,11,1,12, 0.31402113626216066,0
PL#1, WS#3@PL#1,11,1,12,0,0
PL#1, WS#4@PL#1,11,1,12, 0.32621871813002484,0
PL#1, WS#5@PL#1,11,1,12,0,0
PL#1, WS#6@PL#1,11,1,12,0,0
PL#1, WS#1@PL#1,12,0,12, 0.28077955749867356,0
PL#1, WS#2@PL#1,12,0,12, 0.2368257013399031,0
PL#1, WS#3@PL#1,12,0,12,0.073829472,0
PL#1, WS#4@PL#1,12,0,12, 0.4514290234468632,0
PL#1, WS#5@PL#1,12,0,12, 0.16000098996347134,0
PL#1, WS#6@PL#1,12,0,12,0,0
PL#1, WS#1@PL#1,22,1,23, 0.43773599926619844,0
PL#1, WS#2@PL#1,22,1,23, 0.5078162122393799,0
PL#1, WS#3@PL#1,22,1,23, 0.022430234687448092,0
PL#1, WS#4@PL#1,22,1,23,0.096393906,0
PL#1, WS#5@PL#1,22,1,23, 0.2805496506756455,0
PL#1, WS#6@PL#1,22,1,23, 0.16871761308298971,0
PL#1, WS#1@PL#1,33,1,34, 0.060149637403924316,0
PL#1, WS#2@PL#1,33,1,34, 0.3068775468244169,0
PL#1, WS#3@PL#1,33,1,34, 0.3653232643185369,0
PL#1, WS#4@PL#1,33,1,34,0.434177988,0
PL#1, WS#5@PL#1,33,1,34, 0.5314660907626276,0
PL#1, WS#6@PL#1,33,1,34, 0.20084535991557573,0
PL#1, WS#1@PL#1,33,3,36, 0.3315454427203169,0
PL#1, WS#2@PL#1,33,3,36, 0.5137868591933697,0
PL#1, WS#3@PL#1,33,3,36, 0.18625302018742218,0
PL#1, WS#4@PL#1,33,3,36, 0.5677266952898966,0
PL#1, WS#5@PL#1,33,3,36,0,0
PL#1, WS#6@PL#1,33,3,36,0.631666016,0
PL#1, WS#1@PL#1,62,3,65, 0.45935983589114926,0
PL#1, WS#2@PL#1,62,3,65,0.287968153,0
PL#1, WS#3@PL#1,62,3,65, 0.5310702628110148,0
PL#1, WS#4@PL#1,62,3,65, 0.6182671136331465,0
PL#1, WS#5@PL#1,62,3,65, 0.3596409072433005,0
PL#1, WS#6@PL#1,62,3,65, 0.42720862281131744,0
PL#1, WS#1@PL#1,52,0,52, 0.2561557443819041,0
PL#1, WS#2@PL#1,52,0,52, 0.46662377133952193,0
PL#1, WS#3@PL#1,52,0,52, 0.23857819093640537,0
PL#1, WS#4@PL#1,52,0,52, 0.33373203105922755,0
PL#1, WS#5@PL#1,52,0,52, 0.39438111190550273,0
PL#1, WS#6@PL#1,52,0,52, 0.30922943708734607,0
PL#1, WS#1@PL#1,27,0,27, 0.2716111078229737,0
PL#1, WS#2@PL#1,27,0,27, 0.8904172250232278,0
PL#1, WS#3@PL#1,27,0,27, 0.24483455947728316,0
PL#1, WS#4@PL#1,27,0,27, 0.3997310667030476,0
PL#1, WS#5@PL#1,27,0,27, 0.4387009951833818,0
PL#1, WS#6@PL#1,27,0,27,0,0
PL#1, WS#1@PL#1,6,0,6, 0.1390426976313298,0
PL#1, WS#2@PL#1,6,0,6, 0.8944869703212674,0
PL#1, WS#3@PL#1,6,0,6, 0.35484891654331463,0
PL#1, WS#4@PL#1,6,0,6, 0.054862521231022754,0
PL#1, WS#5@PL#1,6,0,6,0,0
PL#1, WS#6@PL#1,6,0,6,0,0
PL#1, WS#1@PL#1,17,0,17, 0.29039990168208335,0
PL#1, WS#2@PL#1,17,0,17, 0.26792233221443307,0
PL#1, WS#3@PL#1,17,0,17, 0.33954204956085554,0
PL#1, WS#4@PL#1,17,0,17, 0.5139846972451512,0
PL#1, WS#5@PL#1,17,0,17,0.0096547,0
PL#1, WS#6@PL#1,17,0,17, 0.2756600341219908,0
PL#1, WS#1@PL#1,99,3,102, 0.5066200524787815,0
PL#1, WS#2@PL#1,99,3,102, 0.37384671574781075,0
PL#1, WS#3@PL#1,99,3,102, 0.30977891774211486,0
PL#1, WS#4@PL#1,99,3,102, 0.1537472725622177,0
PL#1, WS#5@PL#1,99,3,102, 0.5591966957375986,0
PL#1, WS#6@PL#1,99,3,102, 0.37122273951207063,0
PL#1, WS#1@PL#1,5,0,5,0,0
PL#1, WS#2@PL#1,5,0,5,0,0
PL#1, WS#3@PL#1,5,0,5,0,0
PL#1, WS#4@PL#1,5,0,5,0,0
PL#1, WS#5@PL#1,5,0,5,0,0
PL#1, WS#6@PL#1,5,0,5,0,0
PL#1, WS#1@PL#1,78,7,85, 0.3509389160254544,0
PL#1, WS#2@PL#1,78,7,85, 0.20764998870625923,0
PL#1, WS#3@PL#1,78,7,85, 0.5596049572963783,0
PL#1, WS#4@PL#1,78,7,85, 0.4854634827259616,0
PL#1, WS#5@PL#1,78,7,85, 0.2415242889663162,0
PL#1, WS#6@PL#1,78,7,85, 0.28978310256336687,0
PL#1, WS#1@PL#1,29,1,30,0.069162287,0
PL#1, WS#2@PL#1,29,1,30, 0.28261856640624927,0
PL#1, WS#3@PL#1,29,1,30, 0.22492859469469786,0
PL#1, WS#4@PL#1,29,1,30, 0.5228403304353861,0
PL#1, WS#5@PL#1,29,1,30, 0.4270816962470055,0
PL#1, WS#6@PL#1,29,1,30, 0.33830830861710837,0
PL#1, WS#1@PL#1,2,1,3,0,0
PL#1, WS#2@PL#1,2,1,3,0,0
PL#1, WS#3@PL#1,2,1,3,0,0
PL#1, WS#4@PL#1,2,1,3,0,0
PL#1, WS#5@PL#1,2,1,3,0,0
PL#1, WS#6@PL#1,2,1,3,0,0
PL#1, WS#1@PL#1,19,1,20, 0.2168462343736459,0
PL#1, WS#2@PL#1,19,1,20, 0.3022239923609845,0
PL#1, WS#3@PL#1,19,1,20,0,0
PL#1, WS#4@PL#1,19,1,20,0,0
PL#1, WS#5@PL#1,19,1,20,0,0
PL#1, WS#6@PL#1,19,1,20, 0.48650724723626126,0
PL#1, WS#1@PL#1,22,0,22, 0.9312480022533993,0
PL#1, WS#2@PL#1,22,0,22, 0.12074777623136157,0
PL#1, WS#3@PL#1,22,0,22, 0.4676857531611951,0
PL#1, WS#4@PL#1,22,0,22, 0.2786498341340362,0
PL#1, WS#5@PL#1,22,0,22,0,0
PL#1, WS#6@PL#1,22,0,22,0,0
PL#1, WS#1@PL#1,43,2,45, 0.10041968979748835,0
PL#1, WS#2@PL#1,43,2,45, 0.32396724192164567,0
PL#1, WS#3@PL#1,43,2,45, 0.6023692677103867,0
PL#1, WS#4@PL#1,43,2,45, 0.45476324176454835,0
PL#1, WS#5@PL#1,43,2,45, 0.4101154498132633,0
PL#1, WS#6@PL#1,43,2,45,0.070882196,0
PL#1, WS#1@PL#1,20,1,21, 0.5664096663367317,0
PL#1, WS#2@PL#1,20,1,21, 0.30853640550576245,0
PL#1, WS#3@PL#1,20,1,21,0,0
PL#1, WS#4@PL#1,20,1,21, 0.20102167706298482,0
PL#1, WS#5@PL#1,20,1,21, 0.045908833128720516,0
PL#1, WS#6@PL#1,20,1,21,0.066197756,0
PL#1, WS#1@PL#1,59,3,62, 0.41190013045576856,0
PL#1, WS#2@PL#1,59,3,62, 0.5157641968832323,0
PL#1, WS#3@PL#1,59,3,62, 0.29914715889700977,0
PL#1, WS#4@PL#1,59,3,62, 0.5331103941631739,0
PL#1, WS#5@PL#1,59,3,62, 0.43538287165740386,0
PL#1, WS#6@PL#1,59,3,62, 0.6606307358214139,0
PL#1, WS#1@PL#1,51,1,52, 0.45740444308816847,0
PL#1, WS#2@PL#1,51,1,52, 0.4423382992070799,0
PL#1, WS#3@PL#1,51,1,52, 0.14886928603414637,0
PL#1, WS#4@PL#1,51,1,52, 0.38299266142699934,0
PL#1, WS#5@PL#1,51,1,52, 0.23512680714449985,0
PL#1, WS#6@PL#1,51,1,52, 0.39340616008467083,0
PL#1, WS#1@PL#1,22,0,22, 0.23352734608139278,0
PL#1, WS#2@PL#1,22,0,22,0.084166488,0
PL#1, WS#3@PL#1,22,0,22, 1.1461049639903678,0
PL#1, WS#4@PL#1,22,0,22,0.062324956,0
PL#1, WS#5@PL#1,22,0,22, 0.1906022284242752,0
PL#1, WS#6@PL#1,22,0,22,0.077634881,0
PL#1, WS#1@PL#1,14,2,16, 0.15732070974509801,0
PL#1, WS#2@PL#1,14,2,16, 0.11244600110624248,0
PL#1, WS#3@PL#1,14,2,16, 0.2897435747618857,0
PL#1, WS#4@PL#1,14,2,16, 0.10477787455763021,0
PL#1, WS#5@PL#1,14,2,16, 0.33658037089695014,0
PL#1, WS#6@PL#1,14,2,16, 0.053090345717293985,0
PL#1, WS#1@PL#1,8,0,8, 0.23918254424623342,0
PL#1, WS#2@PL#1,8,0,8, 0.14343300327535147,0
PL#1, WS#3@PL#1,8,0,8,0,0
PL#1, WS#4@PL#1,8,0,8,0.033463613,0
PL#1, WS#5@PL#1,8,0,8,0,0
PL#1, WS#6@PL#1,8,0,8,0,0
PL#1, WS#1@PL#1,33,1,34, 0.9435283641798122,0
PL#1, WS#2@PL#1,33,1,34,0,0
PL#1, WS#3@PL#1,33,1,34, 0.17587088415530636,0
PL#1, WS#4@PL#1,33,1,34, 0.2550733452352375,0
PL#1, WS#5@PL#1,33,1,34, 0.4954834919692672,0
PL#1, WS#6@PL#1,33,1,34,0.093573295,0
PL#1, WS#1@PL#1,2,0,2, 0.4863575920034293,0
PL#1, WS#2@PL#1,2,0,2,0,0
PL#1, WS#3@PL#1,2,0,2,0,0
PL#1, WS#4@PL#1,2,0,2,0,0
PL#1, WS#5@PL#1,2,0,2,0,0
PL#1, WS#6@PL#1,2,0,2,0,0
PL#1, WS#1@PL#1,63,3,66, 0.2597915978527484,0
PL#1, WS#2@PL#1,63,3,66, 0.2587808042228801,0
PL#1, WS#3@PL#1,63,3,66, 0.31254685892684186,0
PL#1, WS#4@PL#1,63,3,66, 0.2761170357151538,0
PL#1, WS#5@PL#1,63,3,66, 0.3533092287429684,0
PL#1, WS#6@PL#1,63,3,66, 0.42787530322848966,0
PL#1, WS#1@PL#1,33,3,36,0.017961971,0
PL#1, WS#2@PL#1,33,3,36, 0.19816113773741506,0
PL#1, WS#3@PL#1,33,3,36,0.066521385,0
PL#1, WS#4@PL#1,33,3,36, 0.31957271664402054,0
PL#1, WS#5@PL#1,33,3,36, 0.25519667373837746,0
PL#1, WS#6@PL#1,33,3,36,0.156058528,0
PL#1, WS#1@PL#1,14,0,14,0,0
PL#1, WS#2@PL#1,14,0,14,0,0
PL#1, WS#3@PL#1,14,0,14,0,0
PL#1, WS#4@PL#1,14,0,14, 0.31282537712979064,0
PL#1, WS#5@PL#1,14,0,14,0,0
PL#1, WS#6@PL#1,14,0,14,0,0
PL#1, WS#1@PL#1,8,0,8,0,0
PL#1, WS#2@PL#1,8,0,8,0,0
PL#1, WS#3@PL#1,8,0,8, 0.24273748933636696,0
PL#1, WS#4@PL#1,8,0,8, 1.3144417731221623,0
PL#1, WS#5@PL#1,8,0,8,0,0
PL#1, WS#6@PL#1,8,0,8,0,0
PL#1, WS#1@PL#1,4,1,5, 0.3402741545107307,0
PL#1, WS#2@PL#1,4,1,5, 0.3069167461508293,0
PL#1, WS#3@PL#1,4,1,5, 0.30552126238367805,0
PL#1, WS#4@PL#1,4,1,5, 0.5023489105955008,0
PL#1, WS#5@PL#1,4,1,5,0.038284694,0
PL#1, WS#6@PL#1,4,1,5,0,0
PL#1, WS#1@PL#1,19,1,20, 0.26344192792326915,0
PL#1, WS#2@PL#1,19,1,20,0.056672523,0
PL#1, WS#3@PL#1,19,1,20,0,0
PL#1, WS#4@PL#1,19,1,20,0,0
PL#1, WS#5@PL#1,19,1,20, 0.2888127329802164,0
PL#1, WS#6@PL#1,19,1,20,0.208183092,0
PL#1, WS#1@PL#1,22,0,22, 0.3561064244884733,0
PL#1, WS#2@PL#1,22,0,22, 0.23475121979322466,0
PL#1, WS#3@PL#1,22,0,22, 0.4032613956890998,0
PL#1, WS#4@PL#1,22,0,22, 0.15147207308541985,0
PL#1, WS#5@PL#1,22,0,22,0,0
PL#1, WS#6@PL#1,22,0,22,0,0
PL#1, WS#1@PL#1,5,1,6,0,0
PL#1, WS#2@PL#1,5,1,6,0,0
PL#1, WS#3@PL#1,5,1,6, 0.6154249271998253,0
PL#1, WS#4@PL#1,5,1,6,0,0
PL#1, WS#5@PL#1,5,1,6, 0.12184627716391105,0
PL#1, WS#6@PL#1,5,1,6,0,0
PL#1, WS#1@PL#1,62,5,67, 0.2889104664721671,0
PL#1, WS#2@PL#1,62,5,67, 0.36318369531065897,0
PL#1, WS#3@PL#1,62,5,67, 0.24578891522859556,0
PL#1, WS#4@PL#1,62,5,67, 0.3010559528080563,0
PL#1, WS#5@PL#1,62,5,67, 0.15120208875933847,0
PL#1, WS#6@PL#1,62,5,67,0.718904623,0
PL#1, WS#1@PL#1,77,3,80, 0.13419680689501376,0
PL#1, WS#2@PL#1,77,3,80, 0.2739883991221789,0
PL#1, WS#3@PL#1,77,3,80, 0.2887646016456839,0
PL#1, WS#4@PL#1,77,3,80, 0.4133025653604278,0
PL#1, WS#5@PL#1,77,3,80, 0.2652967021305587,0
PL#1, WS#6@PL#1,77,3,80, 0.5335398986842913,0
PL#1, WS#1@PL#1,17,0,17, 0.38278061502046395,0
PL#1, WS#2@PL#1,17,0,17, 0.3178793365624628,0
PL#1, WS#3@PL#1,17,0,17, 0.18910612307501395,0
PL#1, WS#4@PL#1,17,0,17,0,0
PL#1, WS#5@PL#1,17,0,17, 0.33229317847718676,0
PL#1, WS#6@PL#1,17,0,17, 0.3964758642384254,0
PL#1, WS#1@PL#1,13,0,13, 0.9001162865628581,0
PL#1, WS#2@PL#1,13,0,13, 0.1904176668723981,0
PL#1, WS#3@PL#1,13,0,13,0,0
PL#1, WS#4@PL#1,13,0,13,0,0
PL#1, WS#5@PL#1,13,0,13,0,0
PL#1, WS#6@PL#1,13,0,13,0.008139583,0
PL#1, WS#1@PL#1,50,2,52, 0.38946282878997396,0
PL#1, WS#2@PL#1,50,2,52, 0.4690529285130154,0
PL#1, WS#3@PL#1,50,2,52, 0.2899650200544528,0
PL#1, WS#4@PL#1,50,2,52, 0.6107986946489987,0
PL#1, WS#5@PL#1,50,2,52, 0.41724122497707583,0
PL#1, WS#6@PL#1,50,2,52, 0.33507400675896193,0
PL#1, WS#1@PL#1,51,3,54,0.290237452,0
PL#1, WS#2@PL#1,51,3,54, 0.3894208797931545,0
PL#1, WS#3@PL#1,51,3,54, 0.3412234053951835,0
PL#1, WS#4@PL#1,51,3,54, 0.19598900640013048,0
PL#1, WS#5@PL#1,51,3,54,0,0
PL#1, WS#6@PL#1,51,3,54, 0.29272368192167164,0
PL#1, WS#1@PL#1,16,0,16, 0.16788066560767792,0
PL#1, WS#2@PL#1,16,0,16,0.077729196,0
PL#1, WS#3@PL#1,16,0,16,0.068749812,0
PL#1, WS#4@PL#1,16,0,16,0,0
PL#1, WS#5@PL#1,16,0,16,0,0
PL#1, WS#6@PL#1,16,0,16, 0.4447429836970471,0
PL#1, WS#1@PL#1,5,1,6, 0.13127775676515796,0
PL#1, WS#2@PL#1,5,1,6, 0.17078293185421956,0
PL#1, WS#3@PL#1,5,1,6,0,0
PL#1, WS#4@PL#1,5,1,6, 0.1722752194738888,0
PL#1, WS#5@PL#1,5,1,6,0,0
PL#1, WS#6@PL#1,5,1,6,0,0
PL#1, WS#1@PL#1,11,3,14, 0.41495876528913656,0
PL#1, WS#2@PL#1,11,3,14, 0.34960583308624393,0
PL#1, WS#3@PL#1,11,3,14, 0.1872171532824929,0
PL#1, WS#4@PL#1,11,3,14, 0.44857113981482044,0
PL#1, WS#5@PL#1,11,3,14, 0.5827654877180279,0
PL#1, WS#6@PL#1,11,3,14,0,0
PL#1, WS#1@PL#1,5,1,6, 0.21365198257396045,0
PL#1, WS#2@PL#1,5,1,6, 0.2804237443762716,0
PL#1, WS#3@PL#1,5,1,6,0,0
PL#1, WS#4@PL#1,5,1,6,0.069196552,0
PL#1, WS#5@PL#1,5,1,6,0.093340931,0
PL#1, WS#6@PL#1,5,1,6, 0.1798816582157272,0
PL#1, WS#1@PL#1,18,1,19, 1.1350131676347566,0
PL#1, WS#2@PL#1,18,1,19, 0.5218232279248269,0
PL#1, WS#3@PL#1,18,1,19, 0.5050790591764116,0
PL#1, WS#4@PL#1,18,1,19,0.329809439,0
PL#1, WS#5@PL#1,18,1,19, 0.1542498990210177,0
PL#1, WS#6@PL#1,18,1,19, 0.6194018333481353,0
PL#1, WS#1@PL#1,42,4,46, 0.32433187262796065,0
PL#1, WS#2@PL#1,42,4,46, 0.2544367665319811,0
PL#1, WS#3@PL#1,42,4,46, 0.3380451266159004,0
PL#1, WS#4@PL#1,42,4,46, 0.35662604870395614,0
PL#1, WS#5@PL#1,42,4,46, 0.1366497728162983,0
PL#1, WS#6@PL#1,42,4,46, 0.1658133426534878,0
PL#1, WS#1@PL#1,11,0,11, 0.3544839094359702,0
PL#1, WS#2@PL#1,11,0,11,0,0
PL#1, WS#3@PL#1,11,0,11, 0.4982832704854303,0
PL#1, WS#4@PL#1,11,0,11,0,0
PL#1, WS#5@PL#1,11,0,11, 0.6888345153122586,0
PL#1, WS#6@PL#1,11,0,11, 0.059452238317447836,0
PL#1, WS#1@PL#1,29,2,31, 0.4244884972541058,0
PL#1, WS#2@PL#1,29,2,31, 0.4175493146051759,0
PL#1, WS#3@PL#1,29,2,31, 0.1095751393079567,0
PL#1, WS#4@PL#1,29,2,31, 0.13956014626053276,0
PL#1, WS#5@PL#1,29,2,31,0,0
PL#1, WS#6@PL#1,29,2,31, 0.25385598958919076,0
PL#1, WS#1@PL#1,26,2,28, 0.2728108180617544,0
PL#1, WS#2@PL#1,26,2,28, 0.5849624087162049,0
PL#1, WS#3@PL#1,26,2,28, 0.36621123938210487,0
PL#1, WS#4@PL#1,26,2,28, 0.7023834970453109,0
PL#1, WS#5@PL#1,26,2,28,0,0
PL#1, WS#6@PL#1,26,2,28, 0.49510733217357483,0
PL#1, WS#1@PL#1,8,0,8,0,0
PL#1, WS#2@PL#1,8,0,8, 0.3132881281193889,0
PL#1, WS#3@PL#1,8,0,8,0,0
PL#1, WS#4@PL#1,8,0,8,0,0
PL#1, WS#5@PL#1,8,0,8,0,0
PL#1, WS#6@PL#1,8,0,8, 0.23103711804266425,0
PL#1, WS#1@PL#1,61,2,63,0.19686491,0
PL#1, WS#2@PL#1,61,2,63, 0.28948065909070664,0
PL#1, WS#3@PL#1,61,2,63, 0.3981542977079601,0
PL#1, WS#4@PL#1,61,2,63, 0.36438077443579386,0
PL#1, WS#5@PL#1,61,2,63, 0.18139736865539646,0
PL#1, WS#6@PL#1,61,2,63, 0.3237060907690449,0
PL#1, WS#1@PL#1,3,1,4,0.050175523,0
PL#1, WS#2@PL#1,3,1,4, 0.35149876409455416,0
PL#1, WS#3@PL#1,3,1,4,0,0
PL#1, WS#4@PL#1,3,1,4,0,0
PL#1, WS#5@PL#1,3,1,4,0,0
PL#1, WS#6@PL#1,3,1,4,0,0
PL#1, WS#1@PL#1,20,0,20, 0.18413130845411865,0
PL#1, WS#2@PL#1,20,0,20, 0.2783986526005072,0
PL#1, WS#3@PL#1,20,0,20, 0.18741798779890217,0
PL#1, WS#4@PL#1,20,0,20, 0.4390905389950728,0
PL#1, WS#5@PL#1,20,0,20,0,0
PL#1, WS#6@PL#1,20,0,20, 0.15148454983150828,0
PL#1, WS#1@PL#1,78,4,82, 0.28294107928075685,0
PL#1, WS#2@PL#1,78,4,82, 0.25791322261513727,0
PL#1, WS#3@PL#1,78,4,82, 0.2209783869647186,0
PL#1, WS#4@PL#1,78,4,82, 0.3720440106170244,0
PL#1, WS#5@PL#1,78,4,82,0.340835321,0
PL#1, WS#6@PL#1,78,4,82, 0.3035161084421844,0
PL#1, WS#1@PL#1,54,7,61, 0.37350394221966354,0
PL#1, WS#2@PL#1,54,7,61, 0.22577663190587238,0
PL#1, WS#3@PL#1,54,7,61, 0.3895456025571882,0
PL#1, WS#4@PL#1,54,7,61, 0.35481679522129356,0
PL#1, WS#5@PL#1,54,7,61, 0.4275827156292493,0
PL#1, WS#6@PL#1,54,7,61, 0.31903085430560907,0
PL#1, WS#1@PL#1,9,3,12, 1.1150256947555448,0
PL#1, WS#2@PL#1,9,3,12,0,0
PL#1, WS#3@PL#1,9,3,12, 0.6580343809160212,0
PL#1, WS#4@PL#1,9,3,12, 0.4412914635277474,0
PL#1, WS#5@PL#1,9,3,12, 0.5401759231659184,0
PL#1, WS#6@PL#1,9,3,12,0,0
PL#1, WS#1@PL#1,8,1,9, 0.5348007354749711,0
PL#1, WS#2@PL#1,8,1,9,0,0
PL#1, WS#3@PL#1,8,1,9,0,0
PL#1, WS#4@PL#1,8,1,9,0,0
PL#1, WS#5@PL#1,8,1,9,0,0
PL#1, WS#6@PL#1,8,1,9, 0.017027831282554473,0
PL#1, WS#1@PL#1,8,0,8,0,0
PL#1, WS#2@PL#1,8,0,8,0,0
PL#1, WS#3@PL#1,8,0,8,0,0
PL#1, WS#4@PL#1,8,0,8,0,0
PL#1, WS#5@PL#1,8,0,8, 0.4071306373627692,0
PL#1, WS#6@PL#1,8,0,8,0,0
PL#1, WS#1@PL#1,39,3,42, 0.2187837152648484,0
PL#1, WS#2@PL#1,39,3,42,0.688556514,0
PL#1, WS#3@PL#1,39,3,42,0.537534877,0
PL#1, WS#4@PL#1,39,3,42,0.03998985,0
PL#1, WS#5@PL#1,39,3,42, 0.12628598581972028,0
PL#1, WS#6@PL#1,39,3,42,0.064602797,0
PL#1, WS#1@PL#1,7,0,7, 0.2891594461607383,0
PL#1, WS#2@PL#1,7,0,7,0,0
PL#1, WS#3@PL#1,7,0,7, 0.16684365950647617,0
PL#1, WS#4@PL#1,7,0,7,0,0
PL#1, WS#5@PL#1,7,0,7,0,0
PL#1, WS#6@PL#1,7,0,7,0,0
PL#1, WS#1@PL#1,7,1,8,0,0
PL#1, WS#2@PL#1,7,1,8, 1.3887606358808249,0
PL#1, WS#3@PL#1,7,1,8, 0.1252592199904896,0
PL#1, WS#4@PL#1,7,1,8,0,0
PL#1, WS#5@PL#1,7,1,8, 0.3662932036835045,0
PL#1, WS#6@PL#1,7,1,8, 0.12183548039012493,0
PL#1, WS#1@PL#1,9,0,9, 1.0754846814461558,0
PL#1, WS#2@PL#1,9,0,9, 0.22009367144296613,0
PL#1, WS#3@PL#1,9,0,9, 0.5991724878717051,0
PL#1, WS#4@PL#1,9,0,9, 0.34305784194646805,0
PL#1, WS#5@PL#1,9,0,9,0.671667899,0
PL#1, WS#6@PL#1,9,0,9,0,0
PL#1, WS#1@PL#1,24,0,24, 0.19285685939376407,0
PL#1, WS#2@PL#1,24,0,24,0.094437537,0
PL#1, WS#3@PL#1,24,0,24, 0.3663359409770024,0
PL#1, WS#4@PL#1,24,0,24, 0.4043256414833489,0
PL#1, WS#5@PL#1,24,0,24, 0.48017258597887746,0
PL#1, WS#6@PL#1,24,0,24, 0.2162825434167921,0
PL#1, WS#1@PL#1,28,1,29, 0.17445151646625057,0
PL#1, WS#2@PL#1,28,1,29,0.605704836,0
PL#1, WS#3@PL#1,28,1,29, 1.260633764922602,0
PL#1, WS#4@PL#1,28,1,29, 0.19829698839684262,0
PL#1, WS#5@PL#1,28,1,29, 0.1693811962338252,0
PL#1, WS#6@PL#1,28,1,29, 0.7893226741948993,0
PL#1, WS#1@PL#1,14,1,15, 0.30588400282864825,0
PL#1, WS#2@PL#1,14,1,15, 0.5400549259223567,0
PL#1, WS#3@PL#1,14,1,15, 0.14942685532467692,0
PL#1, WS#4@PL#1,14,1,15,0.790767675,0
PL#1, WS#5@PL#1,14,1,15, 0.3164466458910624,0
PL#1, WS#6@PL#1,14,1,15,0,0
PL#1, WS#1@PL#1,41,4,45, 0.2580911152337137,0
PL#1, WS#2@PL#1,41,4,45, 0.21209153228977726,0
PL#1, WS#3@PL#1,41,4,45, 0.2132889169717155,0
PL#1, WS#4@PL#1,41,4,45, 0.5937869195462984,0
PL#1, WS#5@PL#1,41,4,45,0,0
PL#1, WS#6@PL#1,41,4,45, 0.45756534790695724,0
PL#1, WS#1@PL#1,34,2,36, 0.37605113831811676,0
PL#1, WS#2@PL#1,34,2,36, 0.25094315251918725,0
PL#1, WS#3@PL#1,34,2,36, 0.18989974169727616,0
PL#1, WS#4@PL#1,34,2,36, 0.23908403370454323,0
PL#1, WS#5@PL#1,34,2,36, 0.15622669183773397,0
PL#1, WS#6@PL#1,34,2,36, 0.1628787931580007,0
PL#1, WS#1@PL#1,73,4,77, 0.3835381764514117,0
PL#1, WS#2@PL#1,73,4,77, 0.25429597701592144,0
PL#1, WS#3@PL#1,73,4,77, 0.3841704537052217,0
PL#1, WS#4@PL#1,73,4,77, 0.5467242675939588,0
PL#1, WS#5@PL#1,73,4,77, 0.2340178993201647,0
PL#1, WS#6@PL#1,73,4,77, 0.46688610910947403,0
PL#1, WS#1@PL#1,45,3,48, 3.132605767215889,0
PL#1, WS#2@PL#1,45,3,48, 0.39278764807242794,0
PL#1, WS#3@PL#1,45,3,48, 0.27920946508361294,0
PL#1, WS#4@PL#1,45,3,48,0.256998822,0
PL#1, WS#5@PL#1,45,3,48, 0.15080856339235518,0
PL#1, WS#6@PL#1,45,3,48, 0.21332070304764272,0
PL#1, WS#1@PL#1,13,1,14,0,0
PL#1, WS#2@PL#1,13,1,14,0,0
PL#1, WS#3@PL#1,13,1,14, 0.2979850553472616,0
PL#1, WS#4@PL#1,13,1,14,0,0
PL#1, WS#5@PL#1,13,1,14,0,0
PL#1, WS#6@PL#1,13,1,14,0.037467722,0
PL#1, WS#1@PL#1,29,2,31, 0.4153292211241997,0
PL#1, WS#2@PL#1,29,2,31, 0.47333791274500925,0
PL#1, WS#3@PL#1,29,2,31, 0.2981545836852568,0
PL#1, WS#4@PL#1,29,2,31,0.069663569,0
PL#1, WS#5@PL#1,29,2,31, 1.188953189819273,0
PL#1, WS#6@PL#1,29,2,31, 0.29784240307522936,0
PL#1, WS#1@PL#1,7,0,7,0,0
PL#1, WS#2@PL#1,7,0,7, 0.24572846604780452,0
PL#1, WS#3@PL#1,7,0,7, 0.12165884807406968,0
PL#1, WS#4@PL#1,7,0,7,0,0
PL#1, WS#5@PL#1,7,0,7,0,0
PL#1, WS#6@PL#1,7,0,7,0,0
PL#1, WS#1@PL#1,80,6,86, 0.2926369887695959,0
PL#1, WS#2@PL#1,80,6,86, 0.1364042231031135,0
PL#1, WS#3@PL#1,80,6,86, 0.2901338879379856,0
PL#1, WS#4@PL#1,80,6,86, 0.18152912943819408,0
PL#1, WS#5@PL#1,80,6,86,0.490561697,0
PL#1, WS#6@PL#1,80,6,86, 0.18705943818982718,0
PL#1, WS#1@PL#1,14,0,14, 0.34176074766703124,0
PL#1, WS#2@PL#1,14,0,14, 0.2652603771907067,0
PL#1, WS#3@PL#1,14,0,14,0.477030586,0
PL#1, WS#4@PL#1,14,0,14, 0.11150356590297576,0
PL#1, WS#5@PL#1,14,0,14,0,0
PL#1, WS#6@PL#1,14,0,14, 0.4689596459627836,0
PL#1, WS#1@PL#1,7,0,7, 0.6119379895356388,0
PL#1, WS#2@PL#1,7,0,7,0,0
PL#1, WS#3@PL#1,7,0,7,0.089277449,0
PL#1, WS#4@PL#1,7,0,7,0,0
PL#1, WS#5@PL#1,7,0,7, 0.1688307214844187,0
PL#1, WS#6@PL#1,7,0,7, 0.4592932603703943,0
PL#1, WS#1@PL#1,32,2,34,0,0
PL#1, WS#2@PL#1,32,2,34, 0.27277059062590814,0
PL#1, WS#3@PL#1,32,2,34, 0.3120219786472518,0
PL#1, WS#4@PL#1,32,2,34, 0.10156503711118366,0
PL#1, WS#5@PL#1,32,2,34, 0.3776051283107087,0
PL#1, WS#6@PL#1,32,2,34, 0.24822180995284385,0
PL#1, WS#1@PL#1,5,1,6, 0.29604625174421173,0
PL#1, WS#2@PL#1,5,1,6, 0.14428193523978194,0
PL#1, WS#3@PL#1,5,1,6,0.008630412,0
PL#1, WS#4@PL#1,5,1,6, 0.2914453181279839,0
PL#1, WS#5@PL#1,5,1,6, 0.19341611972699013,0
PL#1, WS#6@PL#1,5,1,6,0,0
PL#1, WS#1@PL#1,21,1,22, 0.46793312046048996,0
PL#1, WS#2@PL#1,21,1,22, 0.3143909235836091,0
PL#1, WS#3@PL#1,21,1,22, 0.48686423841346027,0
PL#1, WS#4@PL#1,21,1,22, 0.7652848827440408,0
PL#1, WS#5@PL#1,21,1,22, 0.5775950326530257,0
PL#1, WS#6@PL#1,21,1,22,0,0
PL#1, WS#1@PL#1,79,1,80, 0.2518281588554357,0
PL#1, WS#2@PL#1,79,1,80,0.374339862,0
PL#1, WS#3@PL#1,79,1,80, 0.20316188313759476,0
PL#1, WS#4@PL#1,79,1,80, 0.4059517492457559,0
PL#1, WS#5@PL#1,79,1,80,0,0
PL#1, WS#6@PL#1,79,1,80, 0.25706996327213005,0
PL#1, WS#1@PL#1,4,1,5,0,0
PL#1, WS#2@PL#1,4,1,5,0,0
PL#1, WS#3@PL#1,4,1,5,0,0
PL#1, WS#4@PL#1,4,1,5,0,0
PL#1, WS#5@PL#1,4,1,5,0,0
PL#1, WS#6@PL#1,4,1,5,0,0
PL#1, WS#1@PL#1,14,3,17, 0.18081197509981095,0
PL#1, WS#2@PL#1,14,3,17, 0.4067773026158979,0
PL#1, WS#3@PL#1,14,3,17,0.092560281,0
PL#1, WS#4@PL#1,14,3,17,0.299114184,0
PL#1, WS#5@PL#1,14,3,17,0,0
PL#1, WS#6@PL#1,14,3,17, 0.18823997161794637,0
PL#1, WS#1@PL#1,1,0,1,0,0
PL#1, WS#2@PL#1,1,0,1,0,0
PL#1, WS#3@PL#1,1,0,1,0,0
PL#1, WS#4@PL#1,1,0,1,0,0
PL#1, WS#5@PL#1,1,0,1,0,0
PL#1, WS#6@PL#1,1,0,1,0,0
PL#1, WS#1@PL#1,61,4,65, 0.36191820177090506,0
PL#1, WS#2@PL#1,61,4,65, 0.3066233490243332,0
PL#1, WS#3@PL#1,61,4,65, 0.060699780335376374,0
PL#1, WS#4@PL#1,61,4,65, 0.5774994312751289,0
PL#1, WS#5@PL#1,61,4,65, 0.44023024988669235,0
PL#1, WS#6@PL#1,61,4,65, 0.3056888180085859,0
PL#1, WS#1@PL#1,14,2,16, 0.20004037854617351,0
PL#1, WS#2@PL#1,14,2,16,0,0
PL#1, WS#3@PL#1,14,2,16, 0.1661066075724058,0
PL#1, WS#4@PL#1,14,2,16, 0.2525084945339735,0
PL#1, WS#5@PL#1,14,2,16, 0.11448139816417324,0
PL#1, WS#6@PL#1,14,2,16, 0.3184523196526001,0
PL#1, WS#1@PL#1,24,0,24, 0.5775177776495042,0
PL#1, WS#2@PL#1,24,0,24, 0.24525475820928389,0
PL#1, WS#3@PL#1,24,0,24, 0.3122914177587077,0
PL#1, WS#4@PL#1,24,0,24,0.099908568,0
PL#1, WS#5@PL#1,24,0,24, 0.6832378801795281,0
PL#1, WS#6@PL#1,24,0,24,0,0
PL#1, WS#1@PL#1,33,2,35, 0.2566123324840644,0
PL#1, WS#2@PL#1,33,2,35,0,0
PL#1, WS#3@PL#1,33,2,35,0.00351933,0
PL#1, WS#4@PL#1,33,2,35, 0.12354278410488462,0
PL#1, WS#5@PL#1,33,2,35, 0.3554590543519929,0
PL#1, WS#6@PL#1,33,2,35, 0.28385626876716685,0
PL#1, WS#1@PL#1,26,0,26, 0.3822307936642891,0
PL#1, WS#2@PL#1,26,0,26, 1.0140727312105895,0
PL#1, WS#3@PL#1,26,0,26, 0.4001295276180912,0
PL#1, WS#4@PL#1,26,0,26, 0.7278589878502373,0
PL#1, WS#5@PL#1,26,0,26, 0.3152048290645588,0
PL#1, WS#6@PL#1,26,0,26,0,0
PL#1, WS#1@PL#1,68,2,70, 0.5115444160004063,0
PL#1, WS#2@PL#1,68,2,70, 0.27202552440243155,0
PL#1, WS#3@PL#1,68,2,70, 0.2544913987263122,0
PL#1, WS#4@PL#1,68,2,70,0.494823153,0
PL#1, WS#5@PL#1,68,2,70, 0.21355485504389832,0
PL#1, WS#6@PL#1,68,2,70, 0.19281093783378367,0
PL#1, WS#1@PL#1,15,1,16, 0.4635347018438048,0
PL#1, WS#2@PL#1,15,1,16, 0.42429142859963065,0
PL#1, WS#3@PL#1,15,1,16, 0.18896971655930628,0
PL#1, WS#4@PL#1,15,1,16, 0.16309773487466828,0
PL#1, WS#5@PL#1,15,1,16,0,0
PL#1, WS#6@PL#1,15,1,16, 0.21222780389484797,0
PL#1, WS#1@PL#1,6,1,7, 0.4558226302512733,0
PL#1, WS#2@PL#1,6,1,7, 0.16993240238209228,0
PL#1, WS#3@PL#1,6,1,7, 0.31988062943758566,0
PL#1, WS#4@PL#1,6,1,7, 0.3647857855102948,0
PL#1, WS#5@PL#1,6,1,7, 0.3113924962470396,0
PL#1, WS#6@PL#1,6,1,7,0,0
PL#1, WS#1@PL#1,38,3,41,0.080837072,0
PL#1, WS#2@PL#1,38,3,41,0.039714658,0
PL#1, WS#3@PL#1,38,3,41, 0.41255384899612985,0
PL#1, WS#4@PL#1,38,3,41, 0.19581243023755518,0
PL#1, WS#5@PL#1,38,3,41, 0.31906889342575084,0
PL#1, WS#6@PL#1,38,3,41, 0.21882036653534698,0
PL#1, WS#1@PL#1,26,1,27, 0.1833139617981221,0
PL#1, WS#2@PL#1,26,1,27, 0.4980614041672382,0
PL#1, WS#3@PL#1,26,1,27, 0.29172377988396175,0
PL#1, WS#4@PL#1,26,1,27,0.293039829,0
PL#1, WS#5@PL#1,26,1,27,0.902537844,0
PL#1, WS#6@PL#1,26,1,27, 0.1678426067222034,0
PL#1, WS#1@PL#1,4,0,4,0,0
PL#1, WS#2@PL#1,4,0,4,0,0
PL#1, WS#3@PL#1,4,0,4,0,0
PL#1, WS#4@PL#1,4,0,4,0,0
PL#1, WS#5@PL#1,4,0,4,0,0
PL#1, WS#6@PL#1,4,0,4,0,0
PL#1, WS#1@PL#1,6,0,6,0.227177938,0
PL#1, WS#2@PL#1,6,0,6,0,0
PL#1, WS#3@PL#1,6,0,6,0,0
PL#1, WS#4@PL#1,6,0,6,0,0
PL#1, WS#5@PL#1,6,0,6,0,0
PL#1, WS#6@PL#1,6,0,6,0,0
PL#1, WS#1@PL#1,21,0,21, 0.4086593458720115,0
PL#1, WS#2@PL#1,21,0,21,0.074664936,0
PL#1, WS#3@PL#1,21,0,21, 0.5249903294787686,0
PL#1, WS#4@PL#1,21,0,21, 0.8577566226108821,0
PL#1, WS#5@PL#1,21,0,21, 0.3870205997142051,0
PL#1, WS#6@PL#1,21,0,21, 0.25069834231709365,0
PL#1, WS#1@PL#1,59,3,62, 0.26857486464927427,0
PL#1, WS#2@PL#1,59,3,62, 0.4296675088940418,0
PL#1, WS#3@PL#1,59,3,62, 0.45971812549239743,0
PL#1, WS#4@PL#1,59,3,62, 0.3903193556018145,0
PL#1, WS#5@PL#1,59,3,62, 0.2271010341116373,0
PL#1, WS#6@PL#1,59,3,62, 0.8367562088769773,0
PL#1, WS#1@PL#1,17,1,18, 0.39021967456347184,0
PL#1, WS#2@PL#1,17,1,18, 0.2410406764177332,0
PL#1, WS#3@PL#1,17,1,18, 0.23689468007770387,0
PL#1, WS#4@PL#1,17,1,18,0,0
PL#1, WS#5@PL#1,17,1,18, 0.3622988027241121,0
PL#1, WS#6@PL#1,17,1,18, 0.6340119772212773,0
PL#1, WS#1@PL#1,12,0,12, 0.35925144047793867,0
PL#1, WS#2@PL#1,12,0,12,0.580861153,0
PL#1, WS#3@PL#1,12,0,12,0,0
PL#1, WS#4@PL#1,12,0,12, 0.42543469987802496,0
PL#1, WS#5@PL#1,12,0,12, 0.3310386074722089,0
PL#1, WS#6@PL#1,12,0,12, 0.48423318218897293,0
PL#1, WS#1@PL#1,1,0,1, 0.11608950753399938,0
PL#1, WS#2@PL#1,1,0,1,0,0
PL#1, WS#3@PL#1,1,0,1,0,0
PL#1, WS#4@PL#1,1,0,1,0,0
PL#1, WS#5@PL#1,1,0,1,0,0
PL#1, WS#6@PL#1,1,0,1,0,0
